owner,count
4pk1cMgbZsUY2txgDyXD8Pypm6kJGW1pZwqJeM2yD6cN,809
DmHhENyvzcjwtwQoR9uZc8QCSwXgk9tUqixDFD3pvGPB,702
6xfPmYPxicgQhYA9bgHDDUaZdm6x9nTeFfhEw7GoYLzM,376
6BRiC9QAibJsqq6cXDzUJXq8RWWSTUC65VXE61TJLEin,295
HW4UoqrxiAMkVQP5aMwB4qhFFH61kAyEz6TERNrhVttY,193
7dGcEvGtT8srXhdGqsHkqcvQ7YZKNg5YE9QFwiidxrRm,179
587SfNEtDH981m3ek1mGEZbHJmsujYYgUNS9f6iRwMQ7,178
C8EuUJigyRy2ojSuZtDSnc4JxmVqoe5XTr4xaPPmKsyV,162
3H7dUkVozw5GtcHvD7sGi6SKDGjdggoFPPMmNMvtmSp6,139
2duUqSTGc2wiu6ms4mGFbbMhPEBwJ6zB2K344WFqhhD4,133
39pgAVFNHBPpvMux8gLcrBpFx6zE6BjaYE1hfuQm3md4,129
7kjCwkuJHvh4nSEC9PsECgb84xZENjw2vCpPzAAR14Wn,121
DeRunEHNfnXnKXUCpipEMST366DwoDQ1PmtGKcEJb9FR,117
EFpipurDmX4Lgv7V5TobgR6TMnBSZv734pgcZjWNkmfr,116
8qqCR4tWQau9Kj4GjfZXmHsXepzY6LRh1jgTNoFtWnne,115
CZTJbxVaoDpc7q4FPWrrcUTezQVqXaCX2T6WibJh9QY2,112
CiTURarmCY356uDBVpngLWqTyC8f7cPsToeAosoL7b3x,111
Cfec4QM2RfK6oXiM8UKJAWoEawz7m85mYnE5BQhY5SRF,110
EBmyKQM33ChqFzbi4rbsz6C9vhuoB816Vbfw3nmsG9w6,105
4outhatULKuVTnFLaLGpJ9Xcv4BD1uctPXDJfDaRWHVb,102
CuZU41NwGD2wF341hLP5e7wrns14brnHjVZ99bNjQe6k,101
EjbvQKDV2MhRgmaumKHG9zdSqstyMzsvh8dXtVNaipky,100
9TLPEZFPU1Tr6fRe7PWEC4SHVR2Zi9peeR27B7Qs1cvb,93
HTdfbQjePkZYBNBb1zZzQC8En4x95TKWQGpvtNmz662z,91
24GVVs3KpEMyHbGSjayUxfSdzFu9jL2vQjEW865kTTXu,91
HBMv2JsfCjorc85Awk8vmpQu26AZK84yzmifisdtet5W,89
4MaNeuCwvFwjnWEycghXNSVtn8bMuB1r1sWvWPQqWdPc,84
9VvPQMGVuggHwDZNfEVJH63incwSSA477AMKo5XaiCDh,82
DfgKdiMKvqWC2RHFuWZr6Mfkqor7KgouK5Pohy6AsYPe,76
3PM812cWGrKwc4e1SiPGHkBvbQTQgZ5k9yMcSCQvGTuR,75
BYxtkQwZK9zFZCQQvAYszZMm556nDEPZ2ynDCd7Y7gjD,73
7QLYAtegMxucqh2zZzwRVgK48zz4ft51djKYZzEVnn77,73
5x8JTwuN4UcUGEHBAjR368WM1yKymiMs6ggZPBpKyW5N,72
ADheMgNzeDMp6ZqBsKNXr98NMb5C9Gdsrk7yXJXbs51Y,68
JCioQRLUwqwve6Vcs5vXgvQF9KegVqi9sQrxisxA8BHJ,67
BCY98YsH4A73CRAumagncMadbXeFQRuxQ2FNajFcZkFB,67
BDyNGumJKQxb4JJ2kkYkmmJg7g4E8vyitoAN2gtJg5Np,66
4DxNof5gzWs1KKDjLhZqHYk7XCHRMc9gHLGDbVyqqCLR,65
2vYV9JyhFkMjMNtMwimVCPA8iw6RsN6txP7kbvAKvv1S,60
51xWDGGKj8YTaTpxFwmU7RnEQPTQ1iEcYLDpAB91tAYL,60
6c7xLnmRZUHLfbihpQEncsSkq8SNvTsrfaS8fJJzDpgt,59
65QQQBTZB9NMiH8fiqgSyQsrPCwLhxgoc2McNEi15U5W,57
GoTUbzwbBHbYUnVjnouuzDZqcnadCxkpAMj1qyEnbeu1,57
73LrfQZCV3nhVYW8nZQ1mecXLjwsgy8VRHbgucCQVKBg,57
8NjD9rEn9QCvM2s3thuUEVFfaQ6MLyzxerTdTUNJeLvm,56
2wSnmrQ2VKi3WNZJEjK1uba3YCEkK9dzpzM2GYHdh4Nj,55
2AFiMZpEevVgwoczyxyMqN8nYW7bzNTzZBYUE6JYm9TN,50
4W1SmBtgUdget6hgHKKfTJQwKp9Di1fJZfS8ZU2uinat,50
GbmujNMxspVvkyJo1CQAvn23KHxuppidKN8F8vQwbwfx,49
FT3aimpfGmXubmSw6DspyMPoDBvJoVhCFhcFXPzMvFDp,48
8C1iDS8cN2eihPTVTfPtudEsa7gkFUFFXjoL3csuYMA,47
EC5SXVTytMwtzn1tRzuArjTZTjbvDxVXRSc84ww7B6QM,47
5V3LirCw5PAjr32tbXMYcymEydJbzoEvoBkNpZRo8wKj,47
4e7AjUc3tZCngUgWb83Y9BWuZwc6BXBzutwTGkhgYrJh,46
EeAwtg2dm4F1GZaphLxaSgayAeUEPgeXf3cpAqVJjFYG,43
4Y3joxXs1vrFc4smesZeJdtWLDTrXQoycDhQamkcEVSu,42
AP42ijmgjmN1UxxtVVpK7oEFW46sW2oH7ZBvf6dKF4JB,42
BJw2EJuiZY4QTWpMjuS9ySPGzRHbwrrje56yxAm2UcT7,41
GUfHRH8AHiSUHVjNnVFqqsZ6Czmdm2hcebLHZqJJUoSA,41
S2PyyGAmBtma5ZcApzePh6fWkb2sV6reUoxksR9LEBW,41
C8JKVbZx98EFuRnTb1XjXvdxS4kPYYSPUHkV13To3JBL,40
13zv25eWsSzH2sxJTVboGqv9zHzm3sDTftm519pdwWoe,40
z9puy6ZXg8Wezp862sdFiZKeBh76eyxCU2Da19QndqA,40
41DfWHaNeWgakTZPbr5SKcpNuA4ykrkcfc4PE1NCVLn4,40
F2xCJK7eLUJ173xRcBpwhNHCwGdkc8mv5CpyZ993FDJR,39
FigWXu7uT7AXGSgncfRATZV21aixQzCbHNx42gSbNW1o,39
3o6coaQjHYV76GMK9isEsRwBNjPk9iajACnTAjtrJwjN,39
5FNhXapEi6WVZ6dGMTkxn3AqcyKdYK3d89gdtHGMRuRJ,38
GZ7dL3aqcVwynsidEqLTUnsHf3iK5wvNFsCEJZvoVXFe,37
Bkwrr3CrobHVw1CCU3zSaCRtaCLLfmkcmqHZ5b7NkSPe,37
8KRu4gLxUShFUxXq5df2QCsQW6D3D2t4vgu5MLUWCfZN,36
4Dt9sfqfUckUbR5vgYiPzDoGUxbGqYp4T5iKZySnesSC,35
6vWyDxhTUPudN2tnoowagwMQSyxQyq5HQDWDTFwhu4GG,35
43HNT9gzMW96jqy2nodkaoEvge15pzW637SbxX7xgXxU,33
HNG3y5vPAUeQkSmfREZdyQYtRnaXBZ1CEVEHkaXP4byt,33
FmqWzdpi5QHoL7HFURXSzt3pCcu7Xabs34rq5YX5LjBx,33
9RRMzitXRMvaddVBWtpHQ1ZiRmbk6gfmXhdt7kyZqUgj,32
AdQB5nkarzvbuTbvUtJDU7umSUQ1jDRTokD2V4RyRYVu,32
9ezwhqQ99YzpCRQHahkYPeEtCYPWRqvE2skp5buTxJ3L,32
2jrm7EeR7qnUpzNyY3gDN5xiNBS1RQ4HP5KB539FhqLk,32
75NiHa6BQVpDFZNpbEydHcPJy7ZbXEXeuFX1AKWhnqi4,31
Gu8hLvXpVJvoXTssipGDX4DjyTG3gJ2E5ByWWuECxE6W,31
7Hh38oq5zeHiKRFHfqCLnuYTTqZ5xC8funQCbh4GUvS2,31
Ajoc3SYKJtoxprayTkXCz8EhBPzZMBAYbnrwAJ5bvD35,30
29amDSxEELBpUtTj1fD8ZvFbJEM1Cd1LNviepPcWpxXF,30
132jtQDTmahfZ3XKxw9oBdEMkpGcgJguQjF6kkbfd346,29
7oYXhPJH7z4etd48btZFj4eivJjP4tUbMeiTQepHHk65,29
HJEzUZuxy4fsobqqpPqJunyRyGpQw7zPtuML9fubdze7,29
5V6ascKdUTuRqdRe6MAEdGCuMo8xuAM8qGvUWoz1JevM,29
6c6gY7dQhAFKGMf3M55y4euix4447N8Q6Y4iKWEekieW,29
7NyrpeQGQ497B85cihndUutZst7qMybLecKTeu1cvEDx,28
8bjREzWdYmA42SdnYRE3bqoozEt269FfH19A5G34gHxu,28
EfWUgsgQJJMnezEFsH61MGY9W6Nyqua3CZPMNLGYrioK,28
5xPFNsbvSFUpKFyrDxjFpFxRtqLRx5L2FtW2PPg8xurD,27
H4Rn4y8JrkFb4BL3qZbYh2q78X3jPpKckjcGQmBoxk8m,27
G4K9prK6NorW9RDF5gmPuE3JP69a2VYBP6NdUE1uSSWA,26
48iKk2jdF9g2DFdF5wEFyE3SvYTzQqkhcEidYzYJHWhy,26
LaC7SJ6LZfEhWVyt9aiZ8TvY7hPWiuNuTog6tNra3rt,26
9BL2oUkTPZomckHEjjsCM5dyKDWZGEQB7X33d82nEC1z,26
qLXuMbq5L8tfgHHwRhYw5cQCxiQPwQktNe2Nehw331V,26
HNbUn8bHcgWwV2C7uGBNQZtkuLCRjoC3GA3nRs78supn,26
3HpunBhpvBWuH3jhNCnLuJciCfuSjsQVs2z7oKQZigqA,26
FT19yi13VeL1kahTyzC4uh6FjPBtp7LWo2wCsG3VYtYp,26
3vrgoMdQKgEbzbznbQ2efjBLFQeLwdLctcEC8jhJfx22,25
3X2RCc2vp1MeNvtq3fAXUvm1XSp8vuzHuUVnA7NNcsYp,25
Gia1N641h4Vgm2xGwuswuDHT7rh5bLfDcD7jtpVfR8iL,25
59Q89T36AyRbZf4ThRFzXg7EyXa9ku8iNExXPCrJ2sdJ,25
8uke5LbC86Gr93bVmeGzZoSp8NFYd1XFUMSLqVsPYtCw,25
9HQvGAq8SnzH9ifee2kDUB6SapjKRYSsi1Q7f3BA41y2,25
2ATUXJQBBPrxiUkrpo9avX3kjV2PnFBAD6AYD9jc7gVw,24
8ZpeWfMwUo3RNmdmAieVS9Lw9FYC9xYVfapwxsVNG5cv,24
41gBc98XFHm4JEKr2rvvnSMm34vi2hGTAoMqkQBQi7h4,23
HdFNfL4o7AWXneL4kDSntLANvEe39zvknnQEGhDisYoa,23
6925TkFo52MbqKrK6iKSSSZQfWh54K818NiH7BFdjsCS,23
8XSySbsAXism1J4cCvT4XYtyhXw8tAnASyEbAtUacHHN,23
6Romy6wpRHsDSfJZsxDv9PjzDcnPTRrAJ8SKWhPe4HEp,23
8rWWMgAcmbhHfYZVGFfAWee99vdawNTVQJ3sMai1eBQu,23
3o39R3zQaRz2QVb94Zj6dgRWXUmpSjP2tLeX48GLSoVd,23
HXPnXdLs6chqk16ZMx8WgQmgfru2Lw3yVYewFXJRoWZ8,23
CN2dkSstTQwHE6SDLHf5i8kJ6WRax4rHrFKjDjzaDiBG,23
2rGVyLkJZkHK3f7UBYXkLejAnEqCTgmguDFXxmcHwF15,23
47ZJRamq2rvTVxcFQFs2499ixJcmSXCKgb5FRnifYNsK,23
D5TZ5B174hfPb114jkoKN28QFnVGx2394MuTWrEFeJpT,23
ianCQ8YLAhPhqqJAsLaxcnEwni9aCKNBruH4dMmMHq3,22
8nCnZwuEpZvpVWkpaBhmesv8gHFuD55sswYZcTkKB7eE,22
5pftdSXKXUmShnjRQDzco4c7kgK8WaCgPqXVvXiHezxG,22
HDx4nee1ibuhH16jDKu53sdWbhauNKAVnANd4xghr6Wt,22
78Zi8rGcQqkSDWHrzDF3o8WpHFTQPfFB8tSQPatcQHHK,22
EywxcEZq5T9ipBjzj9bETH5zKGrgGpLLnjfSZPTtmNeZ,22
3ajSthXsYQVpytdtR6McZ7vqCGmCGVzAqLdfhyDJFwhb,22
8HSagJbi899BpisJV5kqzu6yQ2XXxQLyASygt3bd1EwU,21
ApX9s67WRzJvfeAq5wxLhpNgu4u9EkQ4j6PEaDQQRaJb,21
GPp2XxsD7ZR347Xvav4r2xrTBDVJRLsHMTsTfvKyfKrL,21
89W8jDXhD9W6esVsWQY8WgxRuSTZMsK54Q8vRzXDteGR,21
3KYN6CYnxHjbaq76riPrZqGsfd9M96hpGUwWc5bgZdLm,21
2N8Bw5TKPUQ9ebvaVkPsQ8ijfjh4EiLJEjMqRLVRi9VS,21
6XmTjMKTuH7x67YJHB3soDqWskpbRrqWf6J67ELiQbC6,21
F1eYWJADtcQoaMXaSWpLQkGMueG3dGvBMEtoCKUkV3VY,21
AbzvywHEc5ZWocZmA9zoo6B9DNn9aHb3NVdkJayCy857,21
DGYNTQR3ued7HhJm5kJ531xPpcxqUcbVxtzQwnZdVfNy,21
145PHp6pxfCSjPoQEnQksjcMPRzJ4dagbwJrH5LkiwZr,21
7QVkB53inJs9czeLQE8stnConyNFXUEHwafMBQM6evSN,21
E1CWDXQbfkMzgQQmc1MTcWSc49nyo9E1dmeEN8efKXfW,21
95B3DyQpBYwHdo2YopUS8rnA84ryBTyppitL3QAkCfdh,21
j27JsxhzTsGg2rH7xjdFFYSS8rzmuHENMv22BfUaawE,21
ANW3RKPaPRs81KZvn9n4WeZTZ3H5TavvFd6ZV3HQyaxE,21
Ddca1hjpdPWhhNg3XsC1uaMRYJL63hVtpDT5FoCsNyGL,21
HpQiSrX4jT2Frkvxqp9kjKr63HbBNLRzkjS4zp8Fz19x,20
8mBbKqqv8tuMRerCR3bCe9qCNbGHf9dXJSmZyuzkhL2T,20
5d5kAwdEY2DL5MRMkxbha13i2FGFKnh9DXCjSfFLCM5k,20
GB3e9ZsCNZpNLncgqz6a3wry4wAQY62y7UqhN2wCd1jh,20
CcJjfmfYpFykSb2BZxKA3YQSXvbnYyscxX7bhu7NXXyY,20
BudvWR3t95CvUCUEuEjJCmeNoFrrXZjBGLXMXYhw2zPY,20
HN849srD3Mzd5ujueQmnFVQnUQtBRnTwdinQSYy4CnF6,20
8fbQaixKnFEnKTQJF3ErCdkSYrKrRpV1sKLaokoFnHjK,20
4K4oyBPx2bGxLvbMg9oLnB1VRHuH9h9QnZr4mLhrcTnW,20
4gzh4FV7DWiYiuxRUcmYxbq6me2PcfXwo9A8FQ4V7TrM,20
CCTbp3FVa4hHza9SrLZUX1DGc4FNywx44nBFYzzg4anY,20
A66SyemsG8u21nhn3T1RN4W1exRfP8hcs7gKWMnscqEX,20
CmeTkEp5CwUw5HXLnf5G8WXwW2By5XptFYpzVdV8FKY8,20
DXG5ysZbewbYVM5F1D4ettE7VqrCq2vVbGGdSwezc1Tj,20
1SGw2hSpvt1yMKAMBzV2j29zrVsQD5j6fY2YqmwTYNK,20
38Zanuv4GNPLnRt8t7fd2d6z3QMFBJkfmthRh9UwXXcq,20
F9ixJg9DzR2s2pbxUtVucfN1jy3vn4MwDkUyoZnE584u,20
D8KL2L7kYEwuiqFaHXZt1F5BxVuVZLHPdXPwFatTVop3,20
D11cYzNaBtM7qse8GKfepufDCXog8ScAqEdhpaKnX6Xz,20
2Rp3vJFmBvCKwoVJqA5wHFeaqPBDc2ombANGnoATEnmN,20
2j8Dcw2pwDrCQgcgeYWQFXDg3tj9mdQYSXvPH63bgeeH,20
A4RusxdKUReZDPnhHKcdrdwFb5JibkR3F2uSCdiegPox,20
BhFnniSa1x5M18HvQgXh3n4GYop9gD6bngqiiQ3WwSfL,20
9qnBzGK9P2XeNMf7Tj3FeSXi5ZNCKBFaGjyAx75nTH7q,20
C9pWtrAtzZyKQPoM2726TrKCGL4Cd5V7YCg5HWemc8Nb,20
3qmGPv4rodtvUYmovfbzuDwzRK7a5W2hW8SKKRhfhYSy,20
9UFvr9e5NdaJKxzgmhTCHgXbPocb1gJr964k5y3gCym4,20
6RscwM1tgrK6M3o1Apacr49upaTQLZ7biG9Be3D1gzda,20
69YAezQXyqvfAfYcgSEtiTCgQe9K7NtomkSZumBcDGLq,20
4YrrfALqoEZtpk1zsdeVn3GPiFsQCU6hmFzSijPJndD3,20
HuwD9S5xXDrw45yJEkY1UG6syoGHJmkvTAZS996VZD5Z,20
EqoY9rjYudHQPpGuvcZJnFruVUz2ym7J1VkodXaa5RPE,20
3krfuodK67PNMsgvtUyp5Uw8YjwBy1ryUUrVjuCZiyxu,20
HMrusEUoyXdSpXESHNbWkEJQpi4rjzNaHrCgfaoVu7Z2,20
7xQZNhBdexVR5u8St5SfQs7ShcizmWxgJc2WAYNUVvzB,20
5HNtipZjTpnuEcZQD4eqmhT2CLiJNU5QbiqtC8tEs7r1,20
8jf2oh46XVfatsquSLbkEwNNvL6W9w7Fqu2L6cefRrHP,20
AzswGrvZjn3NzziUhJuTY2k4a3mgVCGn1NhzkMVqJDYR,20
91bVs3GfJ9gnpwJyxTerNn8DE5EubuwVX2XXKgcgknmi,20
DU4EJnA2z5HbnW8CzAuad9mVoe3cGycjU2HgAksTWVPp,20
DqwvFDiw4Tr2qDDF89VF1o8ENkKfsXEC6HLNTLDHErLP,20
9jjwAR4u3r9wvMygG9yzBfVkfVK2CiWCMLjeCQrRwFiD,20
DEjwYK1NG93MwYUzrQ8f9tVwRWNwFL62CJRAWhHmghC1,20
6qGtknBMUoNq1Pquv3krvky9mLSK5u5fpw8PnCraMcLZ,20
DaZiWK38MPVKhYFf4EvgofjFZ4h6JQtUd9eWuActAF7p,20
6mzfg88qd6KymZSFDPHKd7z9bpdRsttq28WmCiaHFgyt,20
5oZUe7iZrQavUd4JMnJSLhJ1dkUyPvuXdXicujkyHeQv,20
UbSsCtkfxjqr9aTTvNH1VLec11hvfS6MQreMgCoTMum,20
4qiG5Mtun7LoVKfFXtVgTrAC8uEnNYjKgy7bG93pVWeQ,20
Eq76oqw2ihTA32dFU5NinHMUWHdAYwd2UXpuSVpJKddJ,20
CAP3AmvvUSTHXG7imdHf31d6kNMJ84uos8Ro4AbhKWHS,20
8whSSkgyhK3DeQsJYm7wfYwdzQDbdcXuXbwJhFCsCsPK,20
DfrZdkZhhJknDEkTiZZD9zMwRPX9CR2CLTNL8D6fMDEH,20
HjzfeteoYfwReMFFZfhEzyCHVzk77Fw9HStHUZEQnofD,20
4UobmC4qay5sXM7g3qzeAo6jDsRD2HFtRqR7v4aoU28W,20
ETqQPeFy9jF3TyFva294hT3X56kRweAchP3ZQkKrv1w7,20
E7FfqivuZiNqP61WE4DhARNyR4RzwgezeWpu3DJcyEmj,20
ATXP7eZHuj8jfPyb5uUnyYu2d36bYW3NodwjVB2B94Cd,20
HD8yVzkYbRVvA7PuWo3rzgM91rumhmRLjZr8GzfGt7TQ,20
6Xk8d5MFs3n2QcjUxmSPvq82pTtzTdmDkNpwHJQGHqJT,19
6iFTbc9XeM4oGgXvf2P3U43sLGdT3tc3VmA4TT3LDo55,18
GbLiCoZmqh3HqeLp4EjBQcpbYycbL88c619FuADN8DAY,17
J6fk8ozwmTh79xrFJnEhjA24g2wvd66ydRS5Q4CRdcpi,17
2H1D4jjVMhTvQ17jqcHX6Eh6RbTrKWj3rk6Ua4vMTz6G,17
Hnjo8aziQ3MdZNBJtJBvM6FC4uUzN3wdwXXyQ9k6MJNq,16
HQB7oyWHNwfq1RsT9L2w2gBccNXw514BAwXXiaoZm4Nv,16
GCNi25P1Ywvfx5JpyxFVV68sRkio7LEhFgY85ZqveKR3,16
8agfUAvExwaTSFWSkuxXvrBNrweQ2mgzUazcK9ALfFUh,15
J8RsTYVFsm2EDtV8N4Wke4WUvxxwD4ddzbMUbyhbWxKg,15
Bnf97CQ785xnSxHsSWypXR7iUZaBQGmm9PzxSDGQam3z,15
HG514VNgi9VhMt1s1yNDs2WPkShK7nEpQcGv8Fnkd8wK,15
BeSnKiVwx9CYj8DrGjxHCjVnv8yh9oytLNUdGv93aBQb,14
4mziWeGvUAwStpQrLxD2BQt3ry5ZA3TL19kTKS3yP3bJ,14
4WU8HfwoHpjFdNehAYbYqPvjfeyWYwd6LuegVjkApiBe,14
4B9zxGdZCcFAiR27xy3ksEquKW2caawyp1rcRrSnCrs3,14
6zGfYoErdepGvGS1geu1sZUD3Gwms2CcjVS3Xu8aBfH5,14
357vrhR4gMz3zEUiXZR5gZakN7KiSmjcnyucZ35QgM8r,14
5Aa8vmHmCB9A9hRDNL7DUwffKpC7viafopPjCcYUDsdR,14
BMkGYBgwQZJMyuHcKkDDB1cn4ZAyTjWxgphY6DNKNfdm,14
J5nfwBf4sMJfWHASGUW7YNdCe59UL9x2AJ7s3a4QoPVG,13
FhdCWnmnQhvykPfqBYhMC7hAevdbsAfszh8fJVfFbnvi,13
2DEKkUyiLJsf9HSynAHPph8L6GRFkhLK2FwtcCXmDnSy,13
5BzDWc6MVWx2QxS3tSFLspdEHJLUYjogBByBUrZzcwU6,13
3y6QvyZaAy345qF9uqDX5bHRrbp5jNhtioMvCtEdEMnu,13
31p6aD438PCPaSofbtRCPZR2AegjE1AX8ePHUunaTunE,13
5g7PwMx2mjRJTBek78FYBfUZLRZ7cZYcuHtsMiQJCMB9,13
9RP3uwHsuQfU3vb4mmgYxCbCwuRtAzNN9Wy12DKR3W5M,13
71emMm3bt137M5KjLqEf6cS9BK9ZJB6MMbz2ZutsHiWB,12
4eg3MW2HpGPaNk6dHj8RZ2dZhzYC4NxpRRaetFsePHa4,12
8XW5X7k4bU1fZzCVGPVnyVRv6iqwXqG284DnBpszAiuM,12
DHZnzDYatVKxYhL7riFYVAoHpf9RDFoHHTb2a5X9Hn87,12
GhoydCYQs5H8FznoXVukKC8K8A66aSXhn1WCWtBkRLGY,12
9fzJeAZGnHPVpWEjrssnzx1Qf1QJeKrRGF6f4jzWM7CD,12
8wibY5oD5EmxS14ZCPTo9q8ztF7SGbLJS6ifSwbLwW82,12
8mzvemcGYmVeSBLyKEjVoN98BLswkqSCMqdQvgTvFACG,12
CHPqPr4AHKgphYWw63AbAbM6Kp7M5py6Uq8ZvU7czsR6,12
4nSfi9ojv8p4iiBwBC99gtVf77KchcfhFJg3CXYb4Jki,12
GuywCBr7uFS16ghFvr7kHhW6JZ99fVoxtZ8QkV68jKcp,11
2dWN642HUDWb6eSY47CzVcgVaXPjuBQ4o575RQHDGNUf,11
Cm4LgALKDQSDL1n711TRJD52eJuUKmqNrGcQKm5Ey9fF,11
2fQHb4KQn5uxq6vohz16cEUH7VJ8UMPtLNhVBWUAYsy5,11
4eFnesqWFWAHtXbXMSJgYkCv6VX2xfDfXSHn8QrMfZv7,11
4XyVHTUe7xiA4hZB5q6gzJz7pqfPHsbhFyjpkxPeyVRX,11
2cRRCsmPa5debyPrpUJFqcuC6ZH2rjErVaY9M3tCf278,11
CJJCXbcrbuN78kaGqzsdAuPAgXo4GB1YDLL56PRmYFPr,11
7dmxM1Cei9FH5h1F5BnTD4aN9N64DaM7BWnQBujVDM3z,11
8o4UMkYdXJ86FsBMyH6rgnizjMdKF5gXqDEnvc8wfwwd,11
82C9fmj6YLhy4dve2PCF1m9xKxYxLxntb3z5gcAa8VF5,11
HqcdDW8C9DNPBBnn8h6UoASyZLwzxwcyUjmBAFexhF1d,10
9CT8kt5xFDfvxS57G4wiyaunUAMNNUHHNmwJL2sHkfyQ,10
GiJxB3NXpn6b7SFLYhqQztHspPvDAmM6tZAC27mhbmy1,10
8UB5XPamaDRBHsZkp9wfNg8JJkAHc6Z6Aasm8ScRyoW6,10
3ir94AUxGuU1ghcLPuHA8cV3JaAiA88iRgf5tUGaU6hM,10
J5TbcRPcM5AHEHRgpMgJnz3QTejmAi4wsXRMpbamiTna,10
6Bzrs7ZANx31XCoDbZu4TVpssZYfPuTg14bNFPQbnxR5,10
D5pqDLxq8TsRmaWp2Qwnd8v1DA6CaKXtjbTfBDR5kNjR,10
8mh2g5W8i3EEh3bxthuaj1hUcH8THrfTUVtWoqmfz2TE,10
GZFW2qDxZq3kv6d66qoYqYZyxxCcZu9qTqFZhnEdxCxY,10
6QJhta7PS6Rpo72p7HqhE2pLbAvrH12vmJbXsQaFEkbC,10
A9BZ5kjh7iKu7SMzA5WUF31Zst9V7fehwDZaoKs4NpSi,10
2MEA77q2Lcznfa6WtQ7q3AeWJAhegkEPyMrRH1Gqfky1,9
ED62yJLwBkYxJbnzP6h9c4JLPyNU1rXTy18JSGEMeaY,9
ocsDwdN8LcNRYD4NdDMsCKgQuR9HA2Rfk75i9D4DVTi,9
EaoqHVcom5QZ7MMno6NcAYMsefj5Fbp5g8Uq8P5PTmA9,9
8YR288XmW3GprmJoyqdyVe72QxekYtqZgtgnpgJCDyvA,9
CSnaoUoVFqfQ2cDwGhgMLTQsJmcGM2qnLFaTx5n2qbyj,9
8rXbt3ZbTAVVnWo14VWS2iih3bMC1rhAt8dhQcpRFZoX,9
47Pdr9CZ4EQNFotybGfCWeJLuXgA834hNYNwMCPg6Rod,9
9XnMBn1JAEz3tFgpRipFQz8Nf2c6ttkGuDyAfavzb7SU,8
8vek4L6ZdikZs5gwD2WE1AEd36iGs1bVVjTzdxfCyX6Z,8
FqsbaNgTiSX5mPheUwpa8ry5Cf7SouDNPJSxh8nhVp7H,8
2BPk2jFK3P64Qq298AyJWG6eAttF9J5KkHZPzCsmR42M,8
BGkbc79PhmdAWWMdbNCw9Y9tjUaTfGYBa58PELd1izua,8
FC31tuv1ughhcJkp3QNgHY29BfgAv2MQeXzzeAks5qZJ,8
4pEQStEdjGEyMbfMSgMWaaDi9r7LZfKzaHerMVhyFLYz,8
EcKMuPSYM2SnGzTQPFzJFJiVkYDQj9VvM5uKUGXTGnq5,8
5v2g1gmUh38SHCqhtAqUgdx3J2suJwC8QdNqAv65C1px,8
3P2aSxPXvqyqhSbczuhYJd5ze2giS7N5voxXT9nFc46h,8
41jUwTVML7GNoXWo1FbfrcQgQNsxGr3ZFr118LyqVSPV,8
7tyMMd3RVyu34Gk8irz2NBs6zbmkPx9XPiHvmj61qgM,8
BPQjq4Ny1pShpVvRGVZkeHpZWbQPAsNphh7wUzG1u9uw,8
CkdbQkKnJsP8z99JSBDc4mpBGtpEzwmsCN1obmnpCQnN,8
A3kEqhcbrKTyi28BPUzHG3NsPLzW1xafFkxkHGGSj8Tb,8
AXAnE7dJJmCRaBmQZg73Rpx1F4FTPvECxDUcZvhWkjPp,8
zCXG3CRpGxZ5ngYoAJevte4f8CDRthDc1FmCFc3VV59,8
AfSvvWn4uC7Wekdy9gEgHQf1RHbG3WaHnHU7XGnMdZDh,8
Dz5ay3UPKLwe4mYKAGcEgW3AiFdP7ifx7MJBdakgpKuw,7
3QhyETgp8b9YNmcHWpdQxGpV52eXCJjeMFBPjii5hmUP,7
ApZt1vp3i6v8VDLc9WuDturN4njaBB3TR1bibregGCje,7
Eo3ci6yirom1xXnLXij49JPnvWNqM9KFTNiLxvY6o9YS,7
4VhEqzfKbHe4VjuYuthxxcuMSucVP3r5282hJ1b2uVww,7
BLRUis9oW6LEAkpQDbxxd7q4VGtqHHmLUGZ5ohDNP3E,7
5tC3REf4ZkkTNr57RtG5EhZ8rduBXTYWzZagzdqqYnUo,7
E1J8ts9XAiaVxoJ7PZ54PczPCzTrjr72nXyQpKg4Aqtm,7
Cr4LdGnZGoMrJw58sDh3K3LTnLm8UYBPzg7Ue7ZW3qw7,7
AH8xsPuJHBDZfm2HYFKsHxYxjNBF83z2U33P67Nx9pmp,7
9ZWCXsiLeiaRCRmtnZh74Gityi3s88Nfmoo5LbKQncsK,7
AAdYsmVu58gxnDUxJFr5Kh2mb8sJ678LgvaWTdvKPYk9,7
CbWNTcME5xEkrUGVCffFnPxgEbXYNMBLNdRcYqZDo6d9,7
C55K3vq6i3sHxpD7U2bjef7ASQd3ecNHkvhUGV13QoVL,7
G9in7uxPDKDqgDU4rryqJv6Q2MjHSsoaQcDKdSfL4mcZ,7
5uLoKBMhzSrWjsM7KoyfZC33457HHFdAhJ4RBEAgzTVo,7
FvEqywYv4KCwydPXw85gnBmMKcfFE1wfyAh1N3jAMU95,7
3S2j8mEiZhRfGcMvuLkswZiQa7wJfqM39aGgHmbfKsGB,7
GygYVpPdZXd7zMxjhJGGs1RwBRnetKFq7VpEqpZF4NZ5,7
6mesuhcDT3HnDdd18KWSLf2xapZnk8tmT8EePj6k16Qa,7
B3Va8SEVogmJZ3zchEqaaoeoLdkUqZmRfYjtZdPuJ652,7
D7SQCJWNttzF2v2qQWHYcW41x1dJdz5gWDxg5y98MfMi,7
Hx5Xxo27qMyMtZqzFBsF5jZ39Cdqk3Dsv2WYmmoqaRnS,7
59JYgUrXGzGrC6i5VMfiAdYBCSxedP3ycnJRVUCzCVvp,7
AE78wuoP2tQXeTZ6CugRxTkH3snBbxmhBxa7qVJvQk6T,7
9cPY4a4UdToUpGTZrB69rfm6cNcxx5ptkt8u7L5TUua4,7
9rXi6KVS7AbC61nFH1JBmrRFXFzVLZkzZnVR1UL7DST6,7
2fDuGtdNUiGWtWtZKPN9N3rJB9qoQ994UzaNqMDb16yL,7
75CtB3WboX1nszXN3i7C3vfHcuzpkUap2e7ahgVydqr3,7
6LxZaxn91VB5Z9X7cxUr1DhJ5LAqeHwvgpGydsmmeLYv,7
6wnL7SBKXUXiPz5T2BkSs59uP5g78CKrrbFpxmbtz89F,6
ArgNjvHHdgW4jdFtVfnjm3imM4g2WrjNvLJyDRaPzvYb,6
B2pETMttZ2isXWRdgZyrAyArzG4f4gUM5MPugtM1gTuk,6
3q5jMYzy1Giyv6Ebp4LKYc63U5de4GMBzDJuhpTZ7oP8,6
CTU88MZeVNkBCH9wfnVaW7rEEZU8CVuvUQSBAf7YDpz6,6
GrU8SXw34QhRDk1oYzQou8BxhACvb8C8wYb6eRA67v1U,6
HzDd8q3fad3mFeEPc6sZH5Yhrmbe6hwdcRcSHUvrVFtZ,6
35rUwH1SmjkJCAtrDVdPXeo4D4ejm9VXHAD1K6pgfwnt,6
8jNDgPxQDPFLpCjKwB93Wx7ubpqtaJUn7knkw1te367h,6
68EoULniYtFUKufYRKbik8FgJk15DKXZVzux6TFj6EF4,6
E88iypgoBUpyd7UTwVVZrTrVgtM6ZLwtNjbgjAKJivxB,6
6y86w4eknsD2FMAmgRD31bbJniWKekxEHyCAAUXJZHoG,6
AvuLiH2xgBwSGKt5RAY8MBQMbb2tcZwj12Uegdridu46,6
2yNrTkVnHdESUy245GTm1dQ7UDBnPUvi41pUcSMp2F6c,6
BueKuFx4xZhrqAgkAzocwHBPWk2VhLcLVU9DwXwQV6iq,6
2AbUon3qTttWnCnEcoVcQoMnVrLNjYDQWCS1dLpHn2nB,6
39YD5rZrsz8mSdtyVCfwaG2cAh5Amq4wDAgqZEtgXLRj,6
HmoUoLxxVbX52DkHiWyjFFokUckeZQqW7HeEBTxohrjt,6
4DoFPE4Sh5apDPnm773ADSPQexCL6Y7FZa3aisJxVNrs,6
5nFLSDXsFGcRun4ywpEhQkfQkcGMLb1xVGFr2dtPHzEp,6
HKR2Yaju8d8r9jQXY4So4jzWknuv5ukyR6NGsk2fMB9k,6
BBVgNsXKz44ZuZxGnm7hVnXSoLJFRBgT3mND5cjawF4,6
BsL1jT4m2m4Q98G4XJLETRveySXF2ymJaZLP6NPJXGzc,6
DR96vDw1bJLCxdKuNmM4NLRBTvSBQenogA6B5gdV4xVD,6
F5hFi3VvvosfKehQxdB5hy9zzztztLEoxjCNmrPyk4Jn,6
7tJwRNiNqDcbKrejrHCKXBtUTpmTq2SxeYbcfiut1Bet,6
FM6mBG6SgrSzFUs3o6B8wgPgFBdeB8CVnu4gAaFapGXk,6
GSq86fnF3HKrM6YE7DiWysof2zxeRWVVKiPq1oDfDM4g,6
B7v11riUSxCYF4cLZFzi983pwQM8zxWGzgToUvqfpahW,6
Bfry3BSr5aDHrWUmdSY8F2jjhhrEC7Po9QuuRzjLjrDd,6
7Q1UVbzQgwJQ4kBZXZ82RGzoWPhSYRfhAfwgeikxih9F,6
C2CKHgVBPyA3n3HzHMLRCxakxEUMAzrWyLHAU9o1WgyY,6
4h2FY6Cj8L8mLKsKbKsYJxRifhvAiECQ352iXVfdNZiP,6
CKMDD7Xp4pBztCG5G2utc3kXvFqPJ17HMDPUwhLiHzhM,6
Fdvnw3Eq8nyTnUP7SFpgp6idKxaNPZsSnCKYakgTzGTm,6
FyT1Vs4VG6r9dAZTNyJFLuwFdXNBkrGH6Cjz7nNSS6vx,6
GDxxDB5VixLA1XpiAGRV7wxjjHRWkHd4Pqz4b4YzTwm1,6
7phQNAvBsvzu7Zq3qHs3tNitMR5Vwahis3wdc3k45AF4,6
AW45ASb5GSg7iksXzqietCwQXRkJLoJcYrmhiVpFv2cW,5
HwL2sd2c2N8uKm3zKfcpBZ2yPpHHmu5LWFy9jwWUcbXj,5
Eant1wCSGGaaVAXseUbX6ggnM9AEYohawKgvBKZAE9R7,5
61NTR9X21XpxppGJNT4Jym2m74BTdMJ8PQpoN2UhgXJ7,5
CexqJhAhsrJgNWNwLuL8rzvriqGLXbeWXd8z4B1Arfw5,5
5AM48sVo6bBqSbSJggQ47JbFrjc4wm8geZAum34njtYW,5
FL2WW8FhZc6sMpJCE6YipvEPrzsADZdGyxEBvPd2Quvi,5
Bgs7CYDenvEtHKktiGmR8HTy1uL2fypTjvf6vky1t4ME,5
CJM7Ndpe13jT9QUnJ7RJQ363zxbySapAqrrP58ziKSbY,5
77odmH47rH6EByoqx7ud1PrzHUV54VHvCyz33vwAfxJ8,5
AhhmrevwKnbX9pQp8Lo2Tzw8GUHSY91ZPeVQcAPMfg1c,5
78bSQQ219VqyFquLKt8MTVonJRrvzttKPfebQKXnETif,5
HJqrGEqBdBwxJ95kt449QbMfybw4GnKTQJ5PKnj9EHyt,5
Hk1xeAGssQu8AamvSBL5pVFrsYZa4RJxNLCtEy7TLLZD,5
5LQT7NDBW9BkrAwzkCVkAxNyETuhB3k7NXHyH8nSjWzo,5
FnfJXAa749eSSaBhSaGay4bycsky8yuZMSxDPURhNF7W,5
9D727aRWgTXRMWHGWXDjNR6gt6UFh9kvhCE3WZMjL5oA,5
ChpD1yKjaRg1Fn5X63Aa6cQmGKWjegB4R7raGQVg7rLV,5
4dqFLiC6iQdzTUh9aLgxT14r9JKx648gTfYuB8XcJieD,5
CQ4VUpQ7RwvKRgovfZ4omZS2LSiCE6Fx4Mkr5WV9UQd7,5
H9nYsDs5YPkE2wH9tjL9wE9fvY918xEJ1VyxdaGDuCZY,5
FtEm3GZfCG5Yec9xwZMuoWPRyQX9AuGSqmMExNXjb6Fa,5
FuEkAjfS3bvvPgY7FpqB4vEwfrDaFbzXmgn8CarNnb7x,5
2MPmQnTC475iikM9S1V8eH7zp1w8QHqxUiDT6t4uzM6K,5
2ygDhwpwcGVm4nZGXfWUpFpxQgVLxBPvjyc1VsqPDXX7,5
GDEaoaF6XJcBLAmjyE6jmJryVmi8mUFUUaRGFuQNzK4M,5
9D169AzUSTUxy4W6Cvrn5VQnSXLZ5xaRz1VKfpgxDypt,5
5MBzCzpXw54oBsPGG1vsKnfcsUBAnmgjZsX8HzigzcUH,5
2ToVSGieDVjgnfWtJZELakZJwr9KN94EKppKUdHSB36C,5
8aMPEVh2rjkg1TcvTuN1Lpp1544onyqNXju46VyB7gt6,5
Ce78rxLLq4xUkH5kCpq1Vv2exE1JQXmTfMVXPu3RzjAv,5
AfRq9BotBvoscpiaFXp3EvHDAWXz69wAsib4Zat1HfdW,5
PD1eJvmYGJZDgsS56NGven6jxPALwFuLp9n4Dfy2iwG,5
BeAptaoXTcw2dmFfR9JMNs96FZ28SdCzBcfgkc2dEr7s,5
6QjxHKucX5skMZB6PA9vZqpqN5iwv9KhsbV7HyznUJWF,5
8DttTkZXLeJEZJrdxrhkMoCgB5L16CkYBrwN7CsaNyNT,5
J8Hh9vPX8FnGfabE5EaKwxc68gz3C69eS1zLnnbMznJP,5
AtSBNuojYuxfcqQaNBiMnb2juG5rdrUKe9T6n3o79ago,5
87FyGAoxDSRMfru4gphrsvw6hfK7RucNPerYT4JWbP3v,5
5zTm1UsEjys8itdc3WAsWk4xp4MsK9sB5DfKoy9U2R6u,5
JBVAZFxPH499kdx11KcD6fXDLGekqTbeVR9pSyQLqYq6,5
BU1YjF8dnYkFBRup71NyMJtHfA68DLPPJDk5LwhfpQJG,5
CtYoN36TL1ThDkjPpUZUW2hDgGv3TosaRPb8xc4F8RtJ,5
3DsmdoT7ewLrVPrW2aMQ2JGge9To843zwHvg28nq5353,5
EzMsmA7B3VAqeqbFUJjEekMm1Rm56KcnaGSwko1Ab7gB,5
9GFkVP3savYbEiYgWmNiYuEZujKFwDsKei6WQgsgbTGp,5
CuTBv8876tzQgosyTU1PgkRdpSoRnLxBU3ChCME1gauq,5
3Rury8QvrSvH4iKPnvU7dGT6zaY1bhSTFP6EEWDmNFnR,5
B1APV9FFsDiiUfVAWidUGRiVBjGXMb6cPkFT4uoV7oN5,5
DJaSoHzqFrQASjdHjfV7c79hU19GyL7bPAN59vU4gTBz,5
ALUNbF9TDorxxDeuFaYFxZUy5zeTTtjtYgWjYNoh4VDL,5
DdD7kT8YJ5oUr1i7skDUfVNqd1qfTFV3hPcEUQhJV9Va,5
3nUbzR6L6nekSXYeBHCiK4TVp5o66gErtXUSfocyecG1,5
EcrxGndtFcSuCvLSXKGM4W1dbD9krdU9iFgYTaeA3yv3,5
6wPTBnmbZJREZT3mubz4n6Qp41i7zvu1NzcBkMSM6g7Z,5
EqeCSZStW6CGT9H1muuB7fu37ezEKJGcEK1yFrpvJhYz,5
B3MSWJnB89ewcNcYnZaoNEjULS3nC9SKQ6ivJS7nBvNZ,5
7V4HLjkjodRi178XryYGt1T9epTsvgSBPXaYeS4U5iVY,5
8Av8taqus7YzCUmYqYeLJjkJ7qQYEYLfFJezi7Ji86V1,5
4QKCPTAewMge2GuDp398KK77yzBtHrPRKUhbRhQ21kWF,5
FTRJj7yQ8tCdqbYwySRBdBMfiuzvbepDdzMe9eSaKknb,5
FputViF9rmjv9wyibVT1md8itnyutoYoSB4SVceeS14,5
AFuA6B9oavRFApgXLjcse3uNrqXBBXkCeg1pvkaeVLFg,5
2TvyS5G32a4shYAy2Gj6LTgLoKKcfDQ5SCGD6tYZ7V5Q,5
FW6CHPXpNi6N7pixmViWqoQdGVQ8vTPEaMNbodeFXW2q,5
2MnqYanRh5y4HPc7WkTH9j6LFFnWZ7gQh6ZRGK5JvUm1,5
UCkuKHE2dMWcNsMKqTysaK5KyAr2UwCatfHsDh5DxZ9,5
61Mpk4EdgKedA3yC9iFWxGmQwvrqP7UY9xcEhX88tVPS,5
6hwyAfhJ1WgJGpwen2eiWq9Ap3a98naoE7gNYtNjwRxk,5
D3PhkrDbYEiYDJxFPuyMD8Tu3D9hr7JFNM8gj9DKqTc4,5
GyGKz9ZoEj8pd368LwkkfgKy4MZ292HK6Xky2oAr9fZj,5
AV3oo27Yi6JtnGEvduanu6SeTWixsW9Tk2MJqtYtnXuM,4
HuPwkfxcbNz6eNZ62XWJnzTy7Q77bqXTFM94HKDqZg4n,4
AniEoXj5Bd44Ee7VSTifFNANYLFaRnMY6WbsQ3F8d9wu,4
8s3HoZH1fpik93euNCNXPRcFjkmmy8ZK9wmwGADSRhKu,4
45PTVBz2wYqLbDyYZ2xxJ8hTmXfXNnNSZkA2ocUVcBmp,4
B2S9UWd84BHCLpsTUENxGKKwHDPxtZUhYVQpVZLFAW4M,4
FU5uN16bY16H2u4LEqWEgJc6SGRdmPFNJk4yzE5T532R,4
9tu9dRLfKDCyakrcvpSXoTNr1HFDBz2CMZRLFhBuwyUk,4
3zFLA2V3rwyskt4rQ4ARaVotvz9paD1wcEvynYP56BZV,4
BB4xq1ZbQXGaoKqYihxPkwC2dJEiCcDXTgjSDPznSdf3,4
GaYaQ5YymxFBtiQpGF2NYXWVQYFMjcER9zijRDHJJocc,4
EyxcWV8uy8yPJ2CE1hTDMBucPFTRT9Dv7Y4wL5uP8hgs,4
HcQfn4g1YagoN3mYVFDjXdpoZAMsJFzVefzTPY15u2Vu,4
2RP1wqAJq9u1EdmqU7qs6FEbVhVQfnjNH16E2QbatcoX,4
D8cqKGwfN3KQnUgBkeRemGYqS2XbiLyUmEgBgo1p1PdJ,4
CLcZuR77c3i7KmKmMgW5TqCPqgRVius29Rk93m5MWLpd,4
A7PiMYNSd3skTRkLFaugqzBj1SNwveC97KHaRPVvFVZK,4
6n34qdW4JrRVstTXHJNED3od92ZwNxcE4q8VKVCxuZaW,4
79yiyZvaXkXbhoqbPGYgKx9eYik8RhTnKYmLMbG9QSLb,4
2xVLGEQwSTJX2aAmYa7Zqkg6Xg1JkzhSAwoWyvouZ1tq,4
CRi2JvH5ZsHqRMnEgyEz4uGpHyQrAUtU9zDtVR9EcYwC,4
7goNqbMnRFJbvdb7siK1uc28Gx1WhAjrUMubmzNxD37o,4
CtPwZyzgQR7jBPyD2acLZJeSPNnKDCeFC1xJJdH5Pwmq,4
GMJEQW3uRWandFvTgSDFaRMc5xyYFeLB1hsymbvzkUGS,4
4mX3XE9DrWwZAYvPfAik5p2hZBbP4EEqxu2SZUnfZ7Yx,4
6TgtwBtP2hDsCDY7GtSQstf6SLTMxwg6CP5mFCm5SqYJ,4
9S426eJi7Ydzc3bawR7DpxbMcGUuNvvj8ru2UePWr4x4,4
UZNHFtZ1R6DCuxnmmg2Lh545xKDCSUBpUVNWu9iWZhF,4
GbdJgF5UygQAK5cynAeXEXS5nBT9EVWu6vUnCJnvqHG,4
EsLzU5mHAvqud5wyYktdv63hRqTLYh8GqwNkcsy975Xp,4
AAdUULTe8kejHidjgiA4XWreCiyRo2rYD7654kdZv8xi,4
ABhqt7xNAPR4diAw9pMMPw31NufuRMCFkSJh9aPdqtT1,4
CaVFnV1VDWdNmRBezQg75KG3xotBzYs8r8HBG37k5hx2,4
HAibwG2rwKcXsDyxPFRXDzgygsKsVCAEBii3iVCy3Fr1,4
69Qy4LW3t68bdkkwfm7P4z3LswpUvi3bUcNv13TK3W5u,4
6KEJFKa6jBAhBYJ5GwKFCsRnMu77J1cvv8sPNbpbXHw7,4
BQEf3fAPWkh9RRou69CUtGXqUgqPvonr2ga3ngPT62Cg,4
BGCgw3TEQBD1dT6sUeXSkiqPq81jL1skvTu6sGo6LDNH,4
EymaPLWFy1qLkWmZNhrB1NeNLCEMpLahgPgsEkirgePb,4
6CJ7EYUkkP1RtMmMiTm8htyN7q6H6GETNxwpxSjPtnaK,4
J2E3TUdo8aCqfrznVbg3JfUCK9mTAFmxJChMGWgRoE8B,4
BffyRDYCb3GyQbk5FwS9eGojLybxdDhon6h5KHtPgLfu,4
A2vfvtesAT2rVQMgfMsEDw6rwtXwENEakT4rc5bdEA96,4
2vQHXwWD1Yc3ihRxku7nkUNZBfNkD1F6oD12r4yRv4rK,4
4M1ij7Li35HkK4yUuFP1nuJMshtsXn4chprpKdgtoq5a,4
F45YMyQyc7iG8LwJTrcSnwms5xcC4hqXg9DDWQkJwSz6,4
2DCptvYhZXrEy8daGDidgKR7VtkC1MzuFmT18EoLR79e,4
JCZjJcmuWidrj5DwuJBxwqHx7zRfiBAp6nCLq3zYmBxd,4
EjN5UdrTKegCsCFVLrGkDutz23b9zHu5bj7sGudg47Go,4
8WYRXiQXQSoAMw8A25HuTiTmkg2Ax5YTaBxmHZk6s5LY,3
AYZCLBEGMjLR7yzgf4PSy5ZU5q7frPSMqgS6QU6sGyhh,3
8QeCjMJGavVe5FWVJcoRC8rtVjcQp97krdENpLdbk8fF,3
3Gq3nRXTWiU51eArck3rcnt9sJBxzBa8HvBWg4EYemyo,3
5LGf4YLvTPG7p7hgZMg83pQgGKTv7Z4VKyF1h4Njbu1u,3
6CEJhr1Z5GWxLsk5GermUfPc1511EH1S4WJAaazN2xWm,3
Ab4ZrZjVR55EWrTjzeCwEJSVuUrmotM55wciF9HyFkdd,3
5TnhEk15f7uUWwqaBedPg6Ra67qq84hff4z451Z31sik,3
9Fbkp8UZX2yA6vSex2kBSsa87sZAW5MiRbZFHGFXqK28,3
38osfJVCE5Wtasqgb9pdFSWmHox7YvHyE7vFP6txkn2d,3
J63PQ61AFhZXeupw9j5GYY1aEuR3R6BnAbtfqqAX6DQw,3
98gQ5ojyec8Ekg9CS2VG1wJ1mphgbjNyWfznkhdsxq4z,3
GFAHpxgmPFLpvvsGMACKXwbo3wjk2LvVAkmkhpvzDahH,3
J6uATUpmhA5mGEJmW75eG2PjJKhjGVL4t7mV7t5CbNSo,3
4R4XPPKt7ExexfNGup7judJmb62x28KWN26qPk2nPg1e,3
CvfTGEUE5zXtMiBnRRC3i7G68jGYVN5mjCV2vLrdpEXv,3
CyqAcLhf5THat6AfEtyJE5toCSWm16GuQ7KZKoZLKbij,3
9LGGEKRxCcofogY2wxYLqXAEuoAnQp27jbgdGQgJhmcc,3
2jfPvBAXrGeA4vANhLEss4ZZAV6iVkdrp6Sfvn3nayZR,3
3hrzY69WZH3YFgeT9hukPqjfVrGaFon4u5vrpKB7CAoP,3
3JqzEXwAB5HLAwsZnR4tioKBW3cVnF5J5YdPf8Y1DBeB,3
GNqqhxQCsEGfJcbcJxYpXSTLmRAsLHnce4XzRwPZvWV1,3
jCV3ApnFZPq2Pz6tjZcpChJgbu8sT73TXbBLW1hMffx,3
GPxBwdUhtQDkR9krxKVy6npANvN2Rub9ePbjJiK8wbbM,3
43PTgthSG9HLtMzcF9ehA5r6ndbFcjcfdbPV5GVCqmMz,3
EjCW5WPKLUXGcSJVuGhtzWgu4AJXDHuZjBw73eNttCc6,3
2th7rstRSFdnJytt79UUEXtZLzE5NWrQFRjPziVoxS8U,3
CHDzDXTciRwApZm5g1R28QKoyuN6UHXWBrB57Lj1Sbbm,3
3dqAicrinYvkmwpcZ33GtQssMv3M11qZ5wXvvToTfwkk,3
9MZPFoUt2BJVk3qw2zAeFgfAJHMes2R3JC7LLy8tWZum,3
D6DACvMvgPrYRaXtLPwXXGEDvpZKbtfcuDWodT2x8Aiy,3
4FC4zbv3RjDud9soyFVxN7c5whWUjfD2eNsZhC5t627q,3
9h4oCrSvck8U2WBL24fPBQQg6q3eCocftZsA5GtugyU3,3
Etg86thYL4TuTTEqPMxU7vfXPDV9ooAXJq3cnZ2byLZ3,3
GcwtkeCZezXzkvm7WZcCAmQmDC1oCTuL9vMwa8kQEPd9,3
4Vu64U9b3B1jgwfMLdE93N3pCr9DETsU4LRdpdCTxm3i,3
4Gws7ewFzaj5MKe9R4ckdjFYUEn9PKvJ3kz8tjSdt3ct,3
HfpREpq6wnhYqgYjVJM4saJfoxNBhBjzAJ4er5RT4NVS,3
J16aPs6bLfqEAEh1xwqU48YkfYpw8mkvPpcWMZGH8Wkw,3
9R3nxvoDSJYcoTqs69gKiYHAkiDbAAw7esYUfCw1qbMj,3
G6f6LMAqqjsgu7Z1VriHu6xDiCiZqwTS5cEurP1M9k5i,3
9L1gBmBXTSxZrT8NbucLajrTtUbaGEh8EHpQEci1APF8,3
H3qPjtP3Yym5aLBHJa85W9k3k2zfcHDQnX4Qoz439tDS,3
J1qf9JTY3hU6CodxrbjQaN8Lrs5K6DebYUVwsUekRYWf,3
Ekci8spCgfa3QovxnFhhHVxUj8zcq56LYNcnnudtupF1,3
9qTeMcgyEXE4oxGX6L2TWBQFTzDQmzRuWe232nASVxCw,3
8BwVxpDCGd3CD3FTL35vkaZHHQ3wMkCVgVDtqnrNwGt2,3
2m6x4T4q6y5yJp2fpGuuqEAQMn7E5xKPumZiDGBxi6nQ,3
5PLiBAkno6FxnZ8U7Ui7JNvSDeDsQMR6PPcFkA78WxtV,3
8fGqGSqYtHkKKkSEJ5reAiafhJyi92cDhqg6RNb7tw2q,3
8SVgbn48483U6p7ep2DHv1QHSypoLZ5jcq7kU94v2BgM,3
4jnHN2SCrVPQVs5tvzep3m8DMhc3mfjuCABfYN8xjsBA,3
5BJExL7iAJAHbRg6epCYzQDKZSPseUtMvvDwr5AXxPzR,3
HwLpHRZFiNN5TayQkPZsVYy1maXbTFH163PErKELN9Zh,3
5ejn6b57zpVpEZGfZz8nbuCVZkkusLeZntwUW5BJjrLG,3
75WetEYyJscC6AjYP4xBivimHLfVozBo3RAGVbhqQfew,3
b2P7sdU6S4woa8qgAhGooJarYQxYXyNA78xP2tUpx46,3
Cy2V4vy65STsp2L6ukT7aerGyWGTzKMKADfPF8cyEG4P,3
GBgC3X8rGzXpAxvLmst92MigdeeyLWBYWseKjcURt7jt,3
FspCE8JboVXrq1MUjn5Jssb7YJpwUXU6BFJgZctdJEjK,3
2nYaLvLTRbiGtdQjaFJZdumA36kqJRPES151qz8xTZJg,3
BWjRYGJdUVaWt4piKojAXSQudHBidPTb7NTv9Bd2yR5t,3
HP83geGBLPxDXF2SEM3w1sS26WzpGiv7tULeYwKFntCM,3
9M9mX9TWLPtDueGtHot2NaDNAfQcFCZMwpyea29uEZBq,3
4Wcn8r6pN5M7pLt5Qo5HNufFWwLEBc9ZLwPpYi3qDQG1,3
CSg6yRkngAxfLn6VaJsbH8dSpPN8s7eR8DMFdXGtJWDs,3
EaVLiFf7xt1sJFhtwt7CrHvHuasLDp9EkvSSAyz4XFFn,3
HW6JRKbZE5uveT4J3zRRjNwVqNZw1MDVYQTTzhVtAM8q,3
HRDBdQkvkVYJYMnKqDptHSa93zAAsbWYo9v7CBAQVd2U,3
EF3W4WHfiPAVENjgbqjSPcm2Bx5xxjYAEZrKKMTPTmr7,3
Bvof1MMjG39ugSgkAuPf3BsWViZFfZeWW2pugnJpMdcj,3
8cEUrAo5ekUDQa542AYCvNVhY2KkcWT5tR13ax1Ldiwn,3
9g55mM1d5vc7pQSiRiEexwAeiVCsGWiQQ8V54V16cumC,3
86Z1A2Bep7ube1mhhxSWthH91xvSNdDBGydYSpWLic6x,2
81XZ2BA6nv1jwYc3k6jCapkgSpFgfY3Uj9yqBytA9EmE,2
D6ahcgXBT2574Ta2SF44CnGaNRz4z73XM726MNPBbpR5,2
E8RbZbFxpnoGPHdWjibehE9tMJPwZM52uiTbZHGVjidw,2
GefCRaJniuGpvc211hjHVPv8HLRu8N9eEHHTrTvfdydA,2
9gjk9ThdNFj4MmGJzPB57Uc7V7RYUcMR8v15wScAxEQm,2
9NpTLu4BChJ5CUn1ocEpNRTThH1MhRZ3EZnNJW4k4APD,2
2nz9KV7G3GRRvo8nArYvCaRfx2FSZe8co2mKftKwrGdw,2
DRYCtXEa3CV1XyMaY3Nig85HTsLufSxriuQsAtFbxJHZ,2
F7pwJoH9VGbVTG2SkR1QtbnTwVdLHbHfFTGHLoW62Vp,2
6NSeWWX9LHxV5ZRqufu2cCeoa7ftBD6jkUWR8zVdQrRs,2
ETULdTEK7K54wQWVY7mT9bSePcsieesmQoQ9rhZ6EkQE,2
Vi5MuepY5MK2xJB8ECC2H9z3JmrauWEEQVwSR7jDECR,2
97UVNKaUSWyA3t3s8JmJPbnUqwNcY9ntXSZNgigvGdaJ,2
54SnuSzkX3pfwQdXUvYpm7ZgkowZaeZrnsg5A8pbMoGv,2
F6n5wR5VpTja5afAWKSFzT4eyGbKfeb9Rw3tfibs2TJe,2
3zH4xcz5o4P5mcS6eWVmMkDxyGvBXV2yMDeUApEN44yp,2
EYzmkNkXtFvper597XDZgqjoC65txBbmk8LUPQGzzbcM,2
4BDRmvb45LYSTzWjSew4BJ49y27ZkuyRNb41nttiqc5N,2
8hbJB13TkukY8RdofLpC4qhNaqd2iRYifQ7YzuafkLYP,2
DjXXiMap9MiwvPwdDQmrHLAwa1nHDk8qN6RtrwL9AvBN,2
4FRFsFVyQUfpGMBXJAwMCd6i3pEbzhkwGyoAV9Am6MDR,2
AAekajGtTsVW8UBu3YsXTcvkPNaNt21m5BdoDizgDWQT,2
DJkt9G9JwVw6SNsiW2F3VKDeTTR3DzDNLWoms84jWnYy,2
9B6s99V5sV8g3tPGtGbokDAnSosbFZLzfoVJdk4EURMA,2
BGh1LZfLx3mZfd2X8toC9qvBtgjFCM5CUxiFZFE2d8Vh,2
4WdEeRvj8cN8YEEHeaPJLSa76RJMJLk8Bh1C73vhskNd,2
Ek7DU4zkJZM2W9yWfGyxhSXaQ2cayJ1vgRGxiDhQrNuS,2
4cE3EZUZmthZ1gvALBcxCPKzhSwHXyqkJjJaCZX9GM2u,2
HNg47WjtYioxs5FbAnztvT8YnH7MYYWBfT2JnEocVRqs,2
DSwwKn9cKUFJyxK21y6B85WVw4GrQuWnURaoDgEt16L9,2
D2Yvj2crkdu3iDmhJBqrQwEuoCX1T3Fsazf7SzWLBxLZ,2
Div8VVGBQaqsXfCcP3wWARXwFRG7jx6wNcG1W4MGVP9E,2
6i1vneWnVrLZuiy2RUBDCwE4ZVUYuex4we5fj3LK7Zxo,2
BcQroUxpFAPSZML2sYwx5aUS2t7sLnsrGJUyBxnVaMH6,2
G7CkEdAcpbBVs3RvuZGBByUF7aVaJcp5deQKxNzYK2T8,2
C2RqoRf6sE1FEGmZywDVBNQzbiUjdjNriJ4MsqLTnfgY,2
GuhXwaHiW6Gw2N5pwSaJeneB2gKRRVtLVMvGLw8JatZ3,2
HPkS1RhwjeLbDn8gRp55U9rpN1iHcEvUJ9XvLkhfF8iH,2
5TmBGHSA8pgKZyxsRTBZme8LeAnGpkMH7AHZBGWYzLp7,2
5TqWhGUwfXEP9w4iwsT4BG8rQRQrZi8bCoZwMjYBoszV,2
3gyCm569ZFJhrehyWC4vNJfmPd7c419MjdYp8pnFtZDT,2
8YSm7aHthCxNBjGzBYtNtdmC6sxXAYVHr9xpPcVBSmWD,2
D2jX9kEUWtLPwgbErhm1cX3LP9hU6JLLn1MRzP7H1Wa9,2
DLtBukP5dbGYbM9cHT4nk76j3SXSxqMeQW2cn4Rvet7f,2
FCjndw6amqEayYEHFsJFfEZLLc7bm8zK9d421szSNPpX,2
FmsDj1D5zmCrLdcBkMWL9m2wUoZb1Pf3VqNKa9vNH7bw,2
2bBauXrsrG6AvSUnvxCsf7s8fHv4vduBpgkDDXCsap5g,2
88GGPrRaHsK9ab3RHvvnUqJqjzsZfrtypLRYX8ssA3Fy,2
B18C3v9DzMHJNMYLv7UTRUnBkv2ydR3vJ1VaYd7e1ydN,2
DetjM94kyCMMuzfU4aeWqDG29e6Rr2f8oE9KUMWUa24W,2
A6zbFVX8hg6JWWyWFd3mHCB2fhrTsLfoouZ9wJij9Mpu,2
7FzAepAD6ArM1s1NtmTu9XMTCNC69sz375p2SMsMSVYd,2
9hThMEktRMw1A8PRTjE78n7jxP9hRwMEEpGZA5DM5Egm,2
4haau71UaABT18F2ED6k44R8jzupaEzwJnhfi4BzbZVD,2
BLXDZyWsdFcd5g7UHg7SjRoooH66BDctpe3FqWP5kyEx,2
7EBx2WQGSkuYjZQons4ua4HfufeVdYhqVhXiXaERQHTA,2
E4MsDYPr9nxpWHtMEqCgKSgxNVRuPiCx72URStvSzPHy,2
615WhFUcpYcoK6jeSFQKFsrk5kxrwqg9uwUjWfvc6f4t,2
3fMEisgDLycDw2vKCAz7JkzAMB8GDk1fcBLN6vLGdM2R,2
7iasrpFXrjntrMCtXG99UKJjxShS1T8NMoY3iiKbqkGA,2
BfapdX8gq7adxbLitnChM8P4Ten59w4PEcVRi1XJPnHx,2
33gupuzvuCDtT1GNyMFbTvV7ip3PnaG5d5nU57ptSjXz,2
8WnMXso7hLUwJrJiCgWcafA98sxx4iWz6yzSYAuZotYN,2
CXLCvcBYbdoSXQFkhWmGxbYsVUTsdYRwASx4V2fpMMgB,2
2Gants3gJQFsQZkovvvq2cFJmTghQi1DydNRDcqetG9T,2
5inVHjb73gHZ9BaHPFGUTojny1Exz4JAZHotF2GeUVMc,2
ES5TFzkyXAMSsBMiTErXUDobiQcyu3SwAaa4afuLTZJ5,2
3KGwpSGvzSz7yvUe7YWfDHQsGw9RjBHomYa4StnaNSfS,2
35EdwKzKYMSb2HbJcgTAZRTpyS3GVWvfe41NXKRePduT,2
DxhkznUTZktDUX95E1sRFumfXyY3etK7eCt2GJqUPRJ9,2
3TfLLnGBq5skvuDAVLypaSAak13KkQS2WZVYteFcN9NX,2
5xWZeH6AhKxxXzRWKYuXHqyPBpw2mtr7RKtdNbvhUp8w,2
AssBMPWGjrNpMtLUA3X7EsGT89ADBXToVepuMhohtNpa,2
AE6ybVvEyiiwLKNXuWpGFUxm7id12h5ndvEZKr29fFSM,2
92FG5seg9on1frAGN8QwkaVB9c7AckdiPZqfDFgmeWLt,2
24sfBvg2iFCtnLsbr3zX9QFCVeHbZwJaxj1eXifZDsgd,2
A3tdNqMKCYtmnagqwQtCxV2B9NZxSiPf7zxexy4CuX9R,2
C6mz8Z4dWEsWFssW7dTCujiJA6tXHjeJhmV8Bqspc2tN,2
DHezVGpCEn9oGaxeXDUaYL4yZQF6cEdn79D4cLsQgPmJ,2
GBFqRS3gzeQVMnUC6ZPmHJNR7X5Ed9iGa2PQJFBJsXUD,2
H8p6r6zfhuncmpBBJepAp3wiDVFt2uR69xBtNGyXF1ZJ,2
F2rUSQroFqr15ri8qac15R9h1CXvAzhin6CponQFgEy4,2
9tecdrpZssxKuTYajjUtqor5q7SJoDozeHecfYZZcwUK,2
9HWEEpnM5D1JcedVMaoVZLCKURSWifW5QeroSRJJmYkJ,2
8rEftcXRnAq8iiSCAMnXDSBqZP4hsZHR7eJUq7dKvNSb,2
3kGDAWiCYMLwEmatwaAhQ3K5nZqQJocybyToKZLdg2Za,2
BjgjAWokcxpdJisgcmc8in6b47kwumYeRMU2ecYUBLtz,2
HonF3giZpn4xL5w89ELhVyFaPiArEcQYgdp4P1S58F4b,2
G5k9PdkH6Bcs1BRCqUZLczKSV1ANrFGXeR7rbYjiarqX,2
Fdq9hRC8xrYsAioHVcsRufp7TWJxn3ypp6YzqyAS5yY9,2
AMKSWrs3JxfdaD2YDP2Zz7inNMMA1de5k3TzMXXW6urm,2
FvPfqMJAHv2gWwNT59eUf4PvEQPjmxBB3EfAsTS7vZx7,2
3Xte553xxubKM9QD8mgJG42DikDh9ue9TfeLfyCwbGHi,2
34WAykAZvwGePVh2rDVXMkNVTdmoFjyPuiuPEM64BGiA,2
BBPRJo48LveM16Fec4hr2783BUvCa7Gav5P3TLHQhjGz,2
Y5ZSwuAv5brrEqXKDnzKA7Az8JWgczLPMvd2XuRFdKD,2
64sqGDDAbMiMfE9brmJpvQfWRi3yYAEdQcbwPu6mmQwc,2
8ANczHtj4hWqxqg2XfXivegBeDjnABzzs4yYzRoUV6YL,2
C1mWDhAfKNAtei9WNTRpWAPQ1FDF7Zy2w49kJcbCPqw9,2
iJ6mk36n4UeDnd9ZadSDGmX97zff86kLzXF3tGSFc5s,2
Bc4LvaBqi9sL4QsYwhnRhEbNY5JZmEJva9FMr1APVXsy,2
4KCB98HmUx2rVZ1HfacJZfaWw3ViZbZ3QJKc4mu9voRp,2
9JmweDbpVy8WarewbDKDfWxFNCPiAZDPDqmpwYcENZb4,2
6L56e6PTs3yTMHM6z1dKRAbHJxHKFE6UhxdtH1yRz1Zr,2
EJRPQCzVMjQV7zq2EuCPLLjQjXeEaT3bDbVvNsVknVEs,2
6rNaaJQqn1aqmU8NV2LqBjsPNAjm48MjhoFwR64eL7Qk,2
HDpTNLdSzaEsCLa716hd41T2id4nrkJnNhEURGWyNtpS,2
4mH75fm4SZyy8Wn8tjMg1XTBLDrn8is7iiESGzVqqS2H,2
WyZ8HzKbKwnGBv8E4yFpk7jiMPc9RXoWaNQ8cyGJNrF,2
83ES8zvcGrUfxLcTaH5FQFYMEggN3q7URYf3CdmCd7TF,2
krzWSQEiL5DWfE3GBmH8MC5ADCgHh9TSGzAs9xks674,2
FDTqfTNpPnAbbLuLKGDYY5pXgYUP2WaZiQr7Kn7AzY5D,2
FV7Tvf9X7RrNzMWkntgDU7EHRefVCkugbkLbfmZiTa9z,2
CzKnEspSUERZjs3uSUYqnpEpQVnhF3ZcFoAoVaLuWDQk,2
GjWE9u9pgqnJ1294mEtSQn8BVQUnbYNRBUFVQK8hbKaa,2
6225PAqWo5evVCggtei6jVFAdHDSB3xuYjN23P3L19yR,2
4pT6ESaMQTgpMs2ZZ81pFF8BieGtY9x4CCK2z6aoYoe4,2
DAVogWNfCp84KZfytU6oNnxo82RGHEFEEEWiCzaCDqUg,2
DxkYFmyPqMERkeRuJrB6uoaHthBRsg3VociQDypiMNqg,2
F2auHEKwL47uKe1bvG9P9BatdQ1EKxpBNUun3WAeeto6,2
9V7Vnc5hiYf1MjKWW5zxU8iNGRdCr1QY7Wno7ruioizy,2
9nQDFneGjBoqTv2AbJaPah4UM9WChERoA9WgkRNRqZv3,2
CUL2hLD28t5UWMnpTw3CfW77VVt4R2achQ9mtmPftdsc,2
2K186j8rWW1rSJiwk7n1EqYrxFPiAM9DG2aTSeBxKkMX,2
GGTJZa7J86AFndhLUZdP8fRHCorcxBfmfdFXG79Fj65D,2
7MHEKrjQTDpzDPy9goKiRmAKjSG7FngPQTUsvjbEfZbD,2
A9ASeVDtmk4UGBF9prECp4hm7azad7bU76mTuctzttn7,2
F6CmLDs5ANCBn3NkyS8HHSpSgwgFhQyxZnUkQqxjRvb3,2
4Pows8fDUqRRANUBPiMNQqB3FFTTNMTP8CX6UCQS3zJx,2
6STRQAUM6GDSZuTM4C9Lsu7G4X84HCg5xMcfAZxHusvQ,2
8MS1HVnmhqrRbEToZ1pQo1ceNY9tvvkqeNxTzgTgGRhX,2
3e242LuKEdVX7h7SNZHdmDPkUeQpjQzugcQjav9hv2ku,2
2wzDjPARZExRPAF1nFkqPigCzDh4B6jXFdxfSceGWqwV,2
APGM2cmNbo2dr8xb6gfkQRdBTXWWM1GMWVp7S27KzKME,2
84pHRYn93QY7LzBsjthj5Q74uNNABAzzousKvEXjz2qt,2
6N6jrRfzGXhhzLBYnD5mbQophGaqT4siFifSMvjidrr5,2
HtfjrVqt9Vcc2CFmFx1ckNz3KGbeBrg2CEc82xaugxjT,2
EHiU4LgaydaztxCD2L4WnwFEGDZt7bzDSMyRYCop2NJj,2
7hoT6AfxTQTBwkhxx2VCcdEziXRsdu3GD5kAXbNDP3BQ,2
4KUEt4JXLHohmuEZUTkwwtd5ywmd86wD1gV5C2uXZmYQ,2
UtDrAyVnfBVgBWfnbU2JpGyuVPQ7sKa6B1TjWdUmaCj,2
BQTT12gBrYges7mKjPm3mdixJG5PJWmtkYN89cvGCLBV,2
8uHXy5rCQdki4rwRK6eAtoR316tJcgdcXyc5N1ezDBYY,2
BdZvmMmN1aWis87eBtuveEQmxtPPdnYLJ1JU5QwjccHF,2
JAHeLgvmEz99karDwbrKTosXJ3cShV4RbRbmbXUawv6s,2
4KqmAQ5uWQjQkYohbXEuhakDcMrdg6odc8fyVtGqn7gk,2
5KD1Cya2zmmYDPTX54dGNgBfsM5PAKEBf3PBVcrV7L1s,2
5DwukVk8TaQKxE5uWcRvRmUEdmNhv2mGArbcSsqXiP1h,2
7VR9SCagt3azMa69JjN3VPNCVGhmtiT3RMdn9YgVJfsT,2
A3TFwezDZv3dXpasL9erjfeoaK4oekd3nmvLi9gS82AK,2
Ghc6PJUweXnhCe42wvJnK7zCJTSvRWbcSJoHQhRcRHrs,2
5zNs933SZhE9HGJQDbeucBTcztPBZ1omjqc56K3Zm5uR,2
HK5EzeN2Zs3Yw9Vo4FxW5WX5nDxKHz48k2KRPYtFTXyT,2
7Hc4zTHAvz3T1d5hVtGrGxKtuCvnEuJAeBkXTjCBaze1,1
G2sZ41yNhfZqQBe5URS5jNbV8hswmeLcX6AnNS2Zj2jJ,1
ABF7oZSCAXW8PMKKURapEUJu6qZ6G9xpLpaH9uvHDR7,1
7jK5WUd1bay9yxsNbJ4369vA1DkNC83CUBwgs7JC8pNv,1
7zxJc4pRnWF57TW9srintZeQ42NebBphe8JBy41NCHGe,1
F9ypmPPUNcsFECJF3SjypVuj2n5Qft7LcTVZWk95baux,1
3aKwVQLD5Ht3PLm9fZ1RNuSk9Lhf2B1gxN5QDq17tVkV,1
5xJRdiTd7FDi4mYau32zfux6xu6n99NE5sZhsj91WFjV,1
CxrTwzWEUE6uSuUBE8hGnH88VjMN1aJKQL3YqyEaSCmD,1
AW1Mpj8DyJXmW4bdWnmfnep6pRCq4M5rfmUHhBzwFdHS,1
A4x2x8HfG37DGGF1PPyTFsFo2rSFeCuE7hy8bda3diF6,1
9aW4CQ7xbTKfqFMCbz7HNiDZpSpDYmXEb8mUZqsGng4o,1
CQRSkwkLPpA9J1kjuFyHosxzHk81pExbnSLMtz7YcqiR,1
13SL6GULz6SnjAjzRdaArGrcHX4TWd4v66EKtWbYZi7r,1
4on18x3iBiEf7cC4wzJPgiskMARsL4Xn3bKNKz8n1xrg,1
DXxKoeij3fXj7gGkbyzH6j629BpvFUmBxdnSSqGYtYkP,1
AhU4YENAhaoktsSYKy1vxKWhurxMk2YjXk5sfZXdbMaW,1
3uVkerZSPfG8nKproVyF5oWRszS3tzKWrvU15HUGjc2L,1
5bATdDJneW2xzE7zyXkU3A6jSo5dmzmSFNQVpiPKFBfh,1
AVSFyeDdaVRU2bNpoYZjNZUqtbT2tzTLkP4SRYNMqShu,1
31RVG5AZKR9yqZ2tPJGBTeADBF6pdMZ8r4VJtZ3itaVY,1
JB97uB5WUzWgEx5dWsXFkPDzqXagE1hawKajD9n2JjeX,1
GwG3Mvsd2X4FDQKmcc5iBWM7QXS2js1DWCZcXdkWze8N,1
6df46H9p6knG9QovZvBh3Cj7tEaCT2RNk4FPwvq486rK,1
GXk9kPz1Wk7fzGnYSyLVgDKDiMQRQoQANMK45KhEE8kd,1
BRCkLCUVa6ovwkSDo62DSK9TdE6NBnGXVqLUCWY5qJvc,1
6HgyM2XoftRQmQB9wFeZ97sBE9QbEnM47YQS9AhZaVKj,1
55x4iytRGMj2QqW4UQABRQXhN56H9LCt9iBmvRaViEg5,1
EE8jsevpXGwmCzqZ3GMkZLUeWNcxvbV7stzvd5B3E7pD,1
Ctd7kc2ipD2xK43uM9E6e3NMQb9ZbBvSUvb8tWQtZzLh,1
EzEaUhktXVYWhvDN1qra4DikNBNgdJF1CzuRrHRh8xZB,1
ArzJ4PqRTKa4cViEgX575iFdZDfq1W7BU1Heq42VB72s,1
EwQBSMat23yAPkW4LR56JvUSDfcgiwpdgBThE57tShWE,1
3gnn3Sd8Kgm7xFXGU9tg7kJ6FkBEdFTkTRcY4PkNaeD3,1
3g2X8fLNjBQ7CXNBTfjE4WcW5wQ3ee1YEDdyGgKybJbm,1
AaWtgYx3TWodGNz92fTGJMmVN9cFzfdo2VAzvP7R9e1n,1
FQJVndFHYs5wQDQa9JRpVxj3VuPiALyHvorr8arSAxW3,1
8ZKYeCNMmixutopZnXDP8DnosXCySgoKxvYiihmBSTVK,1
FwmdChrcjoideUCk4n5FYFE8GUJC6QcKeDetVwiNMc9A,1
EoTdadvPoSEzguiTV1TRybHvxoPjKmyNd2K12h8JtoeR,1
BSD9d29cANCnGuve1odmHFDcNK7ZvVqeAVRg7xwMkrqC,1
BU3om6BGRsTGkwtTV6QCXbQQgpS1w3JpZCEfAz7Jfvh4,1
6rbVWb1mWKrJ1ivWuW3Sshh3e866wKpd9c3X2xUiXGnu,1
cZ9B99xxqwjBc91twKDtfbzSPDcsLPb2iYL3RXYaJGv,1
8R3YvZjWjwPjneiaP3NMHeza22f1VGzWyB1aEbuHzpGh,1
GH6Q9E1jZPTTp46aDd57UNZPNS2D6PBSwyLL3EHSjGn2,1
EySWgmc7VFSa2kPLu1F5FuajNNN8gNBvKFWof7Q388up,1
DeNedEsiXvApMhJujUytbNgSk9hK28LWKcQWF9bFL1hX,1
EV63Gx8FQLKGiaPNbsraLaVULQxmCNTZP7VnjfzfFJus,1
5kYoJTouVHkFnLJVEPNYdq59MVWKaSvodTRroA9AEcNL,1
3xkzbBj8JSwiMK1sykmMFKGAwEu5yhDyVdg6QakUpwzX,1
4aFkyLo6HJSj7M1smy1Tapw4YG4EAJuzs3FhWdjdTAN3,1
GDLVwHbi8PWjfp1uv5JDn9iJai768tUN1auRSeEggL1r,1
g2RNqSLKpQCrZUi7W3Jop2gQrZY9V3TWUtW1qjXdzFk,1
2WrcekhtQiKfYGpT9w2WkZJwPVzRxEWDV68bS2mxTFF5,1
DYcpC6VaDf8HxTEP5NFRH2pPw7g87726KEdW24Ho6uLw,1
2sppDwqvjtk4stSBVNPxoz314gDcRswPU4M1pQ7H49Q1,1
HhqASsaoAEry2KotHgPVcFcaLdEuMUyoPE4sv9WHgj6R,1
3B9vDkJ1xwgsgNtQq7rDLKHU41jxcNUsVqSNbR4e3yrH,1
HMEUcC6RL61nxfzZAEEVmjUBr29gbkFCyURGXkcCVfz,1
3Sxu5cS7DBCH4jwZvAPewZtgcxgatwF7Ppkd7oVhWc23,1
XMQdXA1EaRtXs8zhf7Q3K8XAj6pxRpBoLFmEKC7dxNY,1
C4rfwLCG6K14k6VVeo2N6Ps3XUjBfSGnwwwnHPKu5n3n,1
7TFwr1qTxipAAAf63puAoKD5qyokPWJhehvU1Qe6RBAd,1
7BWmue2Uypu67KiSqDYSgeAhqLY3wbykQbRfDSK7Qzsg,1
7opeRzyhDWnY2CWshvkE595Y2kz1Fv9wQL6aBoRPPFoX,1
CRxxZAk274GrjGTDyJquhRZZVyjACZdYQhjahgWTfGKf,1
CCWEbmGenoKwHmqAWD7bTaV42WUWBLKUTxPV7ya1wSTQ,1
CJaDWLffozVyKWiPiAp1CTPBBGzrXvC9PDyTDzdSP1Qk,1
DZHoiK6g4Mfz3Z7FTDRY63S9zv2pJuJ3sgvWHiMpwUFW,1
2hBMmuebMzfVd6CqnQRscvnYDsYAKTWSAdxNqVBp1TdW,1
9Nvg8TpJPaebvrNqNDDuU873nU3pVffQnyFK1XeVUR6P,1
7K3QGm7MuGLmVc3y5FG5x2pQgCJmW6QtAuYEvHwVbGDM,1
BjSuhgbK2Ja9HVSpPvWE26pQFAtBmGEpNi4iUfDqdxg2,1
8ooDXTuFxvAbFsb7voGSrm5v4geUohabycbikQJvmh65,1
FwSKM9PnpQ63Jfut9hNKVd1oSYfzGMrYEV3K6tcpwFow,1
AvMFdsh9jVbrsxkayJ1nxXdjUSKfwR1t75Le5aqH58Rb,1
3vcibuwBaaQ7Vg5yrzkQ9ogugGQYSmV9P4VAMyLjPF2m,1
CPCi8GtA5mxcs7Pjv2rxXihs8chVoSLiPRFGFv4ik3EE,1
4xkfjg9bkGM1Q6jjYr9cpeDUrDhi4KUafSNmTKXWRHFx,1
HDADTyGCNnbmYa5MVpmUwhDbiyAy8CcQ6k5ZDZzQGuuM,1
H71u7WWVg8neErNv3FWdqyeYR1x64cpbRXS6rbo9pab2,1
6vp9J7z48rFUwSjJAXEHsdavxNcZkhScF3XhSdYxLkm1,1
5JQZpgEBqg9QUHJ9qH8eibJ43nXrQxkvsGWtBtxXSe8r,1
ET35o2UvSoCv7RZzV8jafum2WUSFLTjx4yfidpNB7JHM,1
Eqc51cAwsvcB9jYP8FnEe7maH56oHKJLAnH5i8z74yDf,1
EjLGzgaXov8HNzCsiXgRhFznyzftirZJxc3P27SMFQkN,1
FzqwWmLuCQStvffmdfBxkzAbfddrDvXpZFWLdtS9ycMZ,1
HErWjAxjwSxYe5dcJrnJp2Z13CtDrVZndkPcRQhZ5U56,1
4z4QmkfdEyMSPUSgdnZAaJtEhca2uYW7SHsM944qSrpf,1
5v7kVsf1MLfwouoKoJ7uSswN75hnUFBn1LpLB4Eqnqu2,1
4R6VWU99Ka3gxma3aAM49KU4DPXSjY8ncSTHJfv6yeKm,1
7dviuQxv7zvStK1KohjoahwpQmzTDNJyMLofUnz2dPBA,1
7AyqxqK6MAQgrU3mvoxuTwBetGK26eNj4FsptnGNB4cN,1
4A3iDmdpZ5u11x5rbxvUDjzTvwNLF6E8xQh28WVVsU8L,1
735ghYEVJVM25u518J5U6yUvjnq5upVinz7YJ2QkWs2s,1
8uFEEBcjR9p78iTWwqtWzGYkdEAcQaQQNE6xdKNEqYXk,1
8JxjGQjs8vqD1FKagRUCLsFYVaT7tCY6iEAH3CdDV7uA,1
Fmp953VGNtavu9VGdt4xEe8Pp5gTZuHBb9p1Rf9Mhnd4,1
G2B4tBmqaU6mQBPow5rPomtcYZmCH6gr89TJi9SBqr2X,1
9KqYh4okeTcRee49ctAwL6oEA8YFwPaKwipKgAGd9bdM,1
H1iMNhqwTbiq2ygkrDRVjBRZYf17ZhPqu3R6Z24XdeAv,1
DaSyY4Azzq6h7k3GxdCby9PdGsg6GvoCXp4XPgFrSjqt,1
89dwktvgbjA2U2e2YZX1LfnEDWZcSmhHPi6jYKoyAnWJ,1
H5jbQTiL2FVxPihbsds3H5FBDCdm84sXP5on6p5VWNvU,1
F9vX7o3mdDiQgpWcGBfz6aXVJTYUAkmZebai23o2m3xu,1
5ShzTCLPZpbSs4KmihJnAHPDuEoddbqtdN9HRVCaizFH,1
22SUh7d7KwFYsUVMK2mZrxLcpyWPf55DLEAJ7fsiE6xn,1
MeQpHYtFyc1NvWKtaT48JJx4h5zvQxiseX6VVoeFfWA,1
BVsftz6E6Ag57E2TC6VY5se8KNY1UMjoy16piS6j9K6L,1
4f27WNrJbC8mz737wQuRtqLVvG6fqAo2aeZX8s7dc87D,1
7wR1wD8Qxc7WqTDxVCEUk6KFk6Q6bitbiEsoZe1HEx3Y,1
GmHf5jMndreZ2PgDnfNiXG8QMZBT8MAJtFwnTCjaVjRK,1
6T36ksJLMaxVV8nJWyg57TaHKJJsmCQXUjNC435phdva,1
GxgAgUSWAP1DaRnKQygWhmXNkhKeZA5LQrXsbDbgbhW8,1
5duptXKi8CfLwbPmnEHRvtoZ8N57HzDBQc4F6DdMLgc,1
Grmyy9gsbCGswFPoCgb9TQoJwMF4rfkcKuxzhs6rXKRJ,1
9Vz6graEnb1xfPWsUADkrPWfXbz5Yky5mpPEwAhPuyi,1
GxNfGPsV8wWVD1hdzp2ELHrC8CYfX1GrKnbQe58TrMJK,1
2wnnUFY5xDh3LsbYU3GmHjeuwaGk3gt9DZrrudcGDuWk,1
7ccrtf6EiDp1j9dtvSkeqS2eNVZCvf4i1x4rQdMpzGtn,1
83PcjUCaGRV4HEuEpRDbajgBdkL9kVotgER6qSGfrfMo,1
GmZK2enTaNdC1auxZ18FSKovo8vQALbZhzbuqJugcQJk,1
6xoeksbrMA4ZMjnUYx36JTCtfSEqcnnaccRF1ztMdfSF,1
CdhDDA9WiBq4EvPi7upb3GHeyDWHAXEtYkQrFisykHrz,1
8bTyzzwCVujjoWKGXuJMSdSQtPrRQDjX3NEbYw5PiUQr,1
4MYU48sBnzKPpHVzjBaNpyMqcFCAR9QzmcoMzd6yCdSH,1
EXD2fvqgWn5ecwserukH3q6i7uYBMQQTLrFUppcygD3f,1
7YpD9keewgoogCTJ63PTHqDKsDB5tveKy5PRFSViGat7,1
EDM2Uyaq5T74JJbgC7YMPJxWhH6jZAgAUZZwZiLZpzVj,1
3m1mUv5Rc32vGeht49StnrvDtN34yz4DcDd9i1P1nfdu,1
hncbKt3wHv63sXKi4c7qW2oZfTCj1uJZ2kxZXt9iqdz,1
G9DDQsD8VZPVZF2wp6AJgWfckaiUByrCzYTkCEXb7m6e,1
JAzmvGZkfqN4f3hDDjgFT2hebkEwWZie63kx8D5yTicX,1
EbfwUQoMi8vJ1HZNCnotLH59xYpbPSqjAufDyZWqaTsF,1
EWKRkDWi9uBAaBshC4hvgQ59HaiEehnqMh5xL27WhXBC,1
8dMcRgLT1vAg46AMdJahiQVMsaY5iP3HnySL2kUdWWgS,1
9tHSMD89RoLay9feJ8UH3yQQz98g7ZGniAKawWUtUdzy,1
9aYkbEbw3BaP7Zw3eKJF3SkBufzUQRrXGh6koSExK6CU,1
DCVWz3X9bULPVhYWQgSXHHj49iYL6XrWpJrWZ9ecAypT,1
GwpQLQhDVCrKB8uBJiLaYw1HYrQi1pwwotNRhNJn6tt,1
GL5GLgTZP1co3eMVR4BzCLcMTgF2qQSTQzfVUtYYcehE,1
5jzWV4Dj5PxdhBifd2gA7WHaAZ4UcZMBFf1E6oVNnPSw,1
ADms7dKEWvuLwS8FAM82YRb7B5KBAo2X9eTnkcmygS5P,1
ESkAeTvXy5ciaWUVkShrEHsdDxSZJGupcwHwHGrthpJg,1
66xfJoEXyswunTGXmixjxzbZHq8YWJEMHzbrfhb8JzpC,1
7x56pCAkjy11zAbsReCsaDsejgK6FAn9jr9LNjJYwu92,1
8wL2vXrGGvY6dDrzekdLbPd6z9wmHobcbYakxMgXFCFG,1
3DvcKAB3vfkcEkM1FtkiHK8RDHWnFx9pivjMC8HXWJLM,1
5aR4XXCet9GFe5vUvqwDvKb8WRqqFjAh25znJxqyeKsp,1
26yEMM3b8Vx87vMANDwhCSizWAAk3Q6Ae8jK5Reop2ko,1
A1zEetbAeGGLqi9dzxpDKajKKPEgwNJZdMNhdaGcL1zL,1
FNnKa7wdk8bYHAFtqaYrpPAQZmQGKmZKtzEdReiLZuWG,1
8zJ2d8zeuZ3PgsDCGJB6mAYAsDoAsiFxfJEeiyq5bHpR,1
DKaS4UzcRmtnaL85SR4dsb9yf5z9zwCWzEFLzqmXifpr,1
HRSjuhsZYsSYqfjj235r6aYF1fTgF19CFg7w11vttbzE,1
2K4WmoMdsi2hhK7woQzVUcz1Uvh6oxnaNciWaAfnPWKw,1
6fWMX5hGRPox1vVfHEHfCdN5z5EMnK8Y1YAQAV2vfKBW,1
HGo3pcopFxvdk5YN1jL1ZXUcz3LcscwBXMDetRPyS5VD,1
CyGjwWR9dDBZPjEru96obF3miGZUJFSMFeyZWtmNqtYh,1
AVuc7UXwpZJWDuVskVKV6ukLXGeQ3Mano5RhfGJS5sbn,1
CKLTdNof22M964fWDGCoGEss7vdkasFVTaxBinsWHhrv,1
3F1j3DVBwYQHL5ibeSms7NQNUPxvhJ6Xp6LcZeYTxbMk,1
EsGmEVvDTTPyU2nDHKo3z9F39PLeX5eqgA6g3GHMesCY,1
Eu3FVDWEkik7VusG1RxygeuuQSTqkUZvAPvUnqg3u9UJ,1
4ECeEJpQBz2PgjXnhjJymBXChuE25ZqzStZs5m8GxeTv,1
84DHcsCN35EGUMtyknMCSabgZcAJMCUKeExt9SnzyLtG,1
91yXeNJC8yudqD57JBue2TFkh1rSBU4bxHCxttMBmiRP,1
8R7F4oaig1bkVTkxUcg7pVDokik3GmPiuRJAqVietvMy,1
7Lh38sd4pseKra4BzasfiCVAQXB8KbXMSvsWwi6qVeJz,1
HR7bYRS3Toj8kfyB9QmneP7xm2Pi1R71x2u6Se3WWZgD,1
ChANeNhhwUMsx7SxpC9wwhvRdUkGW3zLtLsVcM1oiPid,1
4Lge3ECrKWvZBoKXFi689h4uw4Hdw4LGyMYrcHrwjjtT,1
wj6qo2ec3iF4e5Jxt5vdi9r4wMeJLjfMAT2NNWTzSDA,1
HNHSNywdmySvJztBFefHqJs9xJRf5F5js7BaLhuPwatr,1
6RUG873of3y5oFJ3dnvJaq8Bkj76uZUaYpJmjWC7QnGV,1
8pFN1nu3ejuJgm2zKmGWnA27e6KpBo4Hsc4gtduhqewe,1
Gj8whA7DGhA5zbnBK9g4pS3pVd1N35ma4bwViHgWBAbX,1
9VKuJe9gKSQFV7MMgaQKDmsQrTem9vX9KEwSy7MzFZDq,1
Hh5bt8Lk416bUfPT6stiBsbyjye6H5on87wB5jzrcDor,1
3LUQQErJAKezkLKMhXdmMmd4oYMm2Z12KFgwpRP9sWQk,1
FA69NAwXFG7gmHj9kr7UYNpAskktHL9gxJdYhR9VoxnW,1
7JgSWwW7aeGZb1KKvMGC4N1JLdNb1saXYu9N8kEn1sai,1
14pxU5vHiFafv63bYBBNdp7aMeJ8RqkFdoBUMqYbtRZD,1
HAK1s86CU46MXmNQAFu9FmQUdApN21egya5KMJC4pnMV,1
85qm4onzKTFcqemNFNoSXiUxPevDK5HP3bkvswbzZieU,1
A75AHRrRccJszrm1fSk9kAtgmH9EgbbpNjNGeE8yqEBN,1
6otcH6womzLT7SvNMfvCTxL85hKqVA5WgqUMJ2UJDWnf,1
7Mih2PfoaGUkfoD8wU2KRbZjM8YKVwZpKddTELJdcpPW,1
4RytY8teGxU2Hqz1XghD8u3iLUd35fRRnY85JaeagJo5,1
EutMMTNh8ME8NhRUXF8u4jMLB9McgTPaAY7q8B5Gfxf2,1
B3UQTf7Wz6a9o111YduuSEqLtiN9xetTiYHkdV1SQkqU,1
4KuwE7oBWLB7LmQE4EqQ9zwVwDUKntvUiKRfPyWke6wL,1
4YxCsyisJmmJs6ZzQ2ShE24LtC5xoxcDEqmbZ5vTkEzq,1
EcdkYJ8etRi3ossNRVf5gj42RxzjHYSsbeFtm2AoFzUb,1
Aiq8PJxDNYVGAdwKtopXLPJKiXADKPXvkvMbSPx96KvT,1
7KxPr1V3fE5Srq5ZHwjsPyVWDQupjUBA5G1Y7j6kGQm8,1
MWwArqvyWzja7wLtD4tubZvX6ZEEwsBSa4xddjyT4kW,1
AcNSmd5CxwLs21TYUmhWt7CW2v159TdYRkvQxb1iBYRj,1
CaQA9vGXPceU3P75gz3RXmfzrecKDncR6uA9i9mX7LtM,1
BH9oTKKpd5N5z2jtn6yrXBnSavE8LbFoag2bhr5pAScf,1
9CGCbxwZHdSknSU4p465yyFaj9eQZnQqTKZq2F3nGAeW,1
AW4mMGimat4t4VVM7HwZxSkpUFVE7bAJ9wUffb2STBvM,1
8Z74LJkFNJikPeTGwtKtV1xifRaoepwpxCukeR9iawuq,1
22FFVx123mDaE1SRbkbhoeJV9n2PAVeAJYcD9NhBSmaX,1
6CaR8GfLauYBq1ELoQD4CY6972HXMQ6328f9hrEn3h3t,1
Bct5Bw1UbkL3RyAtFY36ef1MrpcqegUhGU5xLZRkVGed,1
66pLoea3zCr4BQBLGz2kKTaxb4wkL1s67eWD5HWuLtoP,1
7841Gti5U72eRqYqCBQQnhZSyQsanGupLe5fYZpiptVq,1
5vcxSt38XabZ7Q1g8dmvJvyUuxNfwAzw8UQZ3M8SpHKE,1
2QrK5zJxrSVefurcnY9auLz41Ta7bPmsSynmzgg4Vz9M,1
MQFeYsAXDmPjHSDTkUFVsD3LUjH3cgNSoDv36cPMB2W,1
6toqjTnAATKjYjjTCHpzARWzSPPcAV41n8wgRuBkkXy1,1
83jzirfqDGFFWxir7AQvMtrnWAWPNNNCcuFSMkPFgsGL,1
FDjhjV1gsbxQvbvXLqjn8s4fXjL8y3nokBNALjstjkE9,1
HZRKktfJ3KuuPLtiK31HVKWtyD3BUxn1cDE96fegS5KE,1
3KTgvMDV5GC98w1RviivUVUriey32GwfwFBz9LNVm14V,1
9WrCDHPRgaSQQzfunvPX8DcjtsaPmdqDC5nBZHLYpXqB,1
2eAEczoihCAQs5UU4qdvYmnLRjWzqk3mHs6u8vqw8MrE,1
B6entuiVWnDcV7HDbrUMA4y23jZiwFBthwSgJxwhw38p,1
BPvipeRtXA1NFnHyghjaU8wNDAfEUF1LK2eiUN7XYNvg,1
2XPm14KK97XX6VuEJS53pYpm4mNaxVFeiHKKzTRguRPr,1
C5DxcF2Ddn8JUZr8vLwPFk2VfsDDokGFwwTcrbLCstzR,1
2B4716HNSdZVkEvWKfmBcg1dDpPm47Q35jG3QSNJte1S,1
HMhVz7p7mHcP2SxqNYn4xhiKntF1JepsCNxkpjLqp4kn,1
AiRj9WpRFRiYVJJTVAFz1iKhkYzvmgUwNyTVHrGxmJbR,1
HuUX4sriRD6LbHo8uD6q4G3buh1CUSwbsPXdrikKoNEH,1
6KjyyVDsri2TYKpSd7Lm6U5bXeqkCrrTXZ3VZ5uMXbFk,1
EpkzvmCXagYbXuowonjD5tfpXWtTQZ8comEaG8Na49pw,1
CwZnDFk22RtxRYZbD1JCTi2xwwZQf4aQa49e4qJkZupL,1
3aDPJiuydGDUcHZVVhGhyhnZ55QbBdxsmymVmhZBaa1f,1
56ELwzxgnRkBSdXSQenHiXWW8e8aF21JE3ojwkfkPjEJ,1
DsD7YsZX5xFXSwn94WzYSuGEkDhW1HfptSVXEJDSLJmh,1
7djJ2sFhJUAtVXFPQ78kpWWWQCbpopk7L6b6RTQXP8ZU,1
7i4HGe4PkoQdiwbPJv9UKKvVrjqmsxpvsVaxNpAKF6LK,1
HndWLYdaNGwvMohRdCWLVMdTu8D3wAhwNfriFALSK5P7,1
9tMATC9gdHxjuQ5Fi8CL2irtQc89V2ewcyJsKhggssmJ,1
CxfVdHzkr7UAWbRgRHDNNs5KWnkWDj5fN8ux6wxCWRTi,1
AKwG1ZrTDT1SSyAYvEr7SosEpGYQFTmzNNF6PXqThLKU,1
AChzD9SKTM8B9LYfNwEtfuiFAgiCmCqHk6CEzxrvsqiu,1
CW4F6piPYkuox3Q22hLJZyfPnTUtECkmtBQcam3yuLyF,1
7U4z94M1hHyyeooxupGTkcFCPenUjm5TsZkCkZ32UeZr,1
5QkKhpPu1iAvfbrod5DkpVrgHBLSfr2Bhv2sJCJMCX3T,1
5avMJUs7mCGH1hCGQYTRZ1WYjcvyssfCFWPGZkMHfbob,1
F4bXfhBcyuNi15WdJ3nvBzEprry56MUrjQVniaJc7uZj,1
7Kd5v5yHTYopUpJcUpZv4nVDbBaRUvixgQd8S4qsDyUa,1
3sBmGtHp2yQ1HjCoo5qFGYhTVf8469dfpX9gdri9FXxG,1
CKHAmhmeZ5N7D5WDXM7K8fuwZN12DcZctQaq4XBmsZQY,1
4maFAkwu4jijSQLD2qr3A8SfxdAfo36AF7ZEB2vwk5jV,1
Di87bkncLHzn9jBxy2JD3XmT1NTgV62fgxe9e3i4uziT,1
3ESonz8XfVNtUo79S5DVgBHaUDXdP6gkG3iS6j22NNet,1
FNq5Af6q3hwQVCzYzvfYuu5tX53iDK4DW7T4Bo5AkNK4,1
HDXT3o1hX8ZfyrpQtfpQEyqtYpKPrxht11UxR9AQus6f,1
LzShfSHgat7xBKqDTAQNKWSxX5ptcRME6czK3WD2hki,1
9zxv4zjrbCz14ShLnmYAHSKs8kiR99RwWF97UXuVaJwZ,1
GuYR8BYPLRqsQ9XMBE5uGwuDsxMprByWGP2PkJT2K2H5,1
5rs1B5aXRgHF5cnLke4sEiZarskCkgGznwYvi5q29cuG,1
82WXGSoAHekRPtHEj6j5EKbkFzLggLcg5L1kvsFiMYwZ,1
ApA6MHDy3DX572B5dfo3qpeLzUNBQgM84wJquDebeowv,1
12pgzUprm4TTz4V8yE5N62cS2ecwS38tY6KGuB1mdzRf,1
F3iXBRvbMcAGQsUGbyRjdDqFpHUMQFp1v12ikFkWEoWR,1
3wz1Vb9mrNotgvRsj9xrwJVRvATvdsinmsffzM5B4Xvh,1
Bj4HWpFRpwmj1HdzvL9Fx7FnpiJg4eBWpGDG671T1nox,1
9rkmspidT9hmUDE4Tx8gjHJTf723i7H7UrdvDFSL3yPA,1
BND1ajGYFmkXkETPtgNfcNhqyP2ewSCt9F3FzMWks16v,1
4VLWSmWrQ7YCWnt4vGRFE7RuStJ9QSebc6xj4NJkA6TJ,1
8zZiZwXAkurg1kULZccrsLuD9cb4J6c9EfRV3ruKEYgV,1
DpZeeRabj3KpoTkXfpsk9WeGy9m5H8uNxcuXQ24QywJk,1
E1QGaVLkJkXQte9AixcJbNef4XWLYR8tKf4ieruuKyNz,1
AJuJwXR4dkvrJsiX2izRkwHt32SDgAqsoMriehuog2aZ,1
6Z3uRqcDmwja9oFpsssoA9Ck8ysTgMDoz1GXzhshb189,1
2MzwN6kJ6v4KGPEom1P5bBfpmDcCudN82gZ6yVnx4AMk,1
E5aFsdRweCxboZ5VccLR8x1YmxEJBeCBqzjyjuYSS2ZQ,1
HKEKLx5CQoUWhvydg4UerdiGCgYmEWhkkiVx811na67J,1
AuNy4S596AxfnhCMJVLKKuSL7yb63CNe4uzDvM3fJcmQ,1
CyMjDyETy2Uoqkcg3LMcEmzSQWYwQYwRwhkkL1uBj8Wj,1
58rqsTkmhtr8Q6trRNydovLsKSrZFK7mKiTEGvEvKjXk,1
GZGazbs8oXxgc8NXHfRrCZoDs3u96R1q2CDt1oG8R3pE,1
H48EDPyj5x3rQPtj1z2PazZRsXctFmRR6jD6Tnr5JP34,1
7V4rqaHA1b9jHXS1w3YNFE3tXHp8qgr1HpLc3c5BxxHZ,1
BPmUWPyVjLAnWjR6qBvZgjrpokpSG8EZDQsqXFMmYhfM,1
CywNSZdBJhcqHjET94HoA2fvPgXP6UbKRtFrcnkJpQ6C,1
tHvYUxdxKzxdDVchEj3qaq2jFgh9TsiqDpQZ6tBrrZ1,1
AdFtVFGzJ6nc8FyUhP33o3BrMcyYJEPVMjx2TYQdAM5B,1
E8DiRPAgzM4AiU2ksTZv6jgBeeTsCb53G1KNHrbUeQxC,1
B4fgSRuQFLDTkZvPW7jW7T9J1iy6TWfhmtTMHsh41WZS,1
AuvkLgc1uHyqNxkn8dpLcegHwz6q8jXrirCMWZj1DrwQ,1
EqkJqcBRddcddW4DeqH7k1hHtSxXaYa2s4jMkgx7DExN,1
CsStatBV794dtV6HT8RbvLPh6UAqnFWj2m979eExj6mV,1
gVeewqJQtNpeTzQygw5zXTa7Eqt9QyeiAZ9jiG8MURD,1
DX2JSf4jGgecsQTY7U6BFjnpmdLoQSw1zbwgnWsn1d6R,1
2FqVCmphPLd9miMuNngvtqPh5FuqbUheeYJt7aFyYero,1
C8CCCH2dzcHpcgRqd3vpjC6Wsi3AjHENJCLwWxDLg7zb,1
JE5PgfgJKgCKrCHWqyyvHmuADbdpMwLpvyfgwwMPxWeK,1
EKef6GpNAN45NqbLSkYnc6pQ5Ej1yM77SXDDtwhAYPDm,1
44NMRNPxEJC8NeEY3nisQUSNNVVshhi2Ux3zJZQZtcRd,1
E28S3vgqAt37RFpgV9QrhBKsUaYg419FK9Z3rewhNtrr,1
9D6gVuMjGALJjHZRUDoncsJ9f6TPdDLgj4ZMdagA1NQk,1
DZ7eddgCD3Z8KPFpNeobrNqu9im7xx7frn1xjH8Udtxq,1
89ftsLZiaMie6kZGtRLWWdKqsU4qHZepJs5ZRZv2BkYS,1
5wqZFYpoXnL3D1UcYWCkhKkBB9rBHXxN5TkApc968sWB,1
2jWFckguvWqt8Tv35ke1oqnd6BkvZKssaYKZhFshFGNS,1
4vxqF4XqtZ3Jmoefz2M7uFPWkkQkoWk9QjG5t9DYj8sG,1
267Ykca9A3VfTmjPHHgW4RypPF5k3coBR4be2jrPamWy,1
83aoBryyZ8r1SzuN1kGybc7NZYjTwxrfXoW1yJRnXfCB,1
EVXZFufezom7yPCqE4dF3guLCJoRPwaVU4YbWVZD7y62,1