owner,count
H6Txqifex1pf8ocGNXMgg72CqA49CpycstknK9arXt5u,199
D3MXkHJGJGWMDTwxsEjwEzygr7FYjikMUzWQFcewdDpm,100
BhYnskewPrZMizPRbxYFWS7m6RbWVGqMdp6jvDfeRB6n,70
AVSFyeDdaVRU2bNpoYZjNZUqtbT2tzTLkP4SRYNMqShu,30
1BWutmTvYPwDtmw9abTkS4Ssr8no61spGAvW1X6NDix,29
3kSZ25BV5GUidhZS4ZAAWNcFPTxFiPfjC9U56rjnuWQq,23
4UxDXJZMGvBFjbEuXVeuBBWsCzUSZkWf6fVG7Uw2VwQm,22
FB21Ctg3EqdKap5i9B2cFiMxmPs8SxMvoWoMzENM4f3t,20
AtGuTwYkrZnUPsKvgqAF2nbQ5iEXyzo5M667EzAqhVyA,18
HEUdcnYsFQs62NUFoY45s7kFe1GDCkvYzUXx1VZ8EV8c,17
Gia1N641h4Vgm2xGwuswuDHT7rh5bLfDcD7jtpVfR8iL,16
Ceziid5Z1wsk8ZXkcgu6hYa9sKpYrvTydrVrHBakaQtd,15
542t7VBdYcHvromaaeqdx8g7x8k5nPLeY3jYUkA7zALJ,13
4zdNGgAtFsW1cQgHqkiWyRsxaAgxrSRRynnuunxzjxue,13
svenafMgAFwWq5ZfoHBPRdxxCWbZtnnnA7S2bzppTYT,13
AoreNexECTGA3RJ6h8kjc3ZY9DRGzBW4oPBtu9FUNyim,11
EKKDvENfyfdficySsAu8VVi4vYgyL32XcHKUKQ3RoaQi,10
Bevy5eT6y4gss2j9ghgUnFQRU6p7BhjAMz4JvQPufSzs,10
2Q6xikZapyRmyA1fbpAw16RAtZhoUXsJw5BEk6CTUrTU,10
GJVk1hQr9NdeLG5hUm8WHPqyJ6EqpsMqQeeqq2URES7y,10
Eb2uw8yRw3fMvamKyjKtjnywoqoqxSvnyaFjBhKjEoqd,10
nQ8eVkiGqM7WPnZeXgRz64DsFNH5FApS4Jg1fNAcXEv,9
54hxH3MFkXrLg1BFSbL6zcQobyY2tPJBP1rhyMuyA8G4,8
3HpunBhpvBWuH3jhNCnLuJciCfuSjsQVs2z7oKQZigqA,8
CTEvwfdAvU2XXchiqwQXeNVCsFpJhS24ZFBNdV2r1sd8,7
GWy6Tmx6cYpQtK1S4BntxewaaN8hqZSqbtAHRujmXqym,7
HPm2XZ2RKSGYwsdPUbz7tkJPXndG6b36gB3JEvhjBUqG,6
GwzCkAoBtXuKYxqALxiGxhWPVbuZJLHG7VMRGFvy4AjY,6
8oDNBTruNf2rgB6YYokgkQbYNP78A7fKL3EpX7bfuAzt,6
HTUZD1mQSivnkPKkx7KAaQWd1woGj3eS4vmpSSjXFwFh,6
ZGCUacVyhd1BujEbXSxk93M9iLL2jzx6T4U9TvafBWz,6
AMaybhkytr4eB1CwAbub4TWXRXsGWCYegfT4zSHgosi3,5
BBw2yWoiPBVV6vzo7GhrH2gh1CHWccmcJQRHNGfNw9vT,5
4ZfGdyUcrGxQXFdYyzbTujFhh7FnXQqhZkxuyGDh3AcB,5
GkUCfk1uwr6nsAV8z6SWj6sFTwASLcKc4xTe3rSrZ2Uq,5
EFnAHPX7wgFv2nZi2Zvy9a1Akb5xQGKvD1qQTo1XsC1f,5
8DaNJcxENMoSYDgpec1xWw1VoUs475LUKSXR47oWmWRi,5
4KZ6eDb5xLRaXxBeMj4RaM6SjYvmtkcJ3tcvd6VuS5ua,5
Er2u85nrcSZjPHCw6Y3mXpt7kkbJvzwxz35xuoemp4ke,5
6haWWSH9fVsuNmKbseStNR6tgQscp2dn1n3nwGUoFAFW,4
BsxQUaToM1cDAeety3iPtNpxrdYPfrfCXYFYEVkcU5LF,4
2Z6RcsLGACVmq4uMTGmkN4xxYNTg1Xo6LuGhnw5RH6ga,4
L8QbQo5PYMJARv9XV3GDcCuCVmjCYhxS9qQzeqhxQJX,4
9LGGEKRxCcofogY2wxYLqXAEuoAnQp27jbgdGQgJhmcc,4
BbgTRsfwp2F2nR9eE3raNUGvXgraySTFCWyvvXz1GiwY,4
FsHaVGiNPGydnxDjjrfgK8wUVmB6wDLayTgbqgGF9JuM,3
GmFonBFUe4m8YEmd2rNsjxFCV5nNwFwN5s3PT1tR4rev,3
F7pwJoH9VGbVTG2SkR1QtbnTwVdLHbHfFTGHLoW62Vp,3
Cq72Xu4EtcxfkkcL44rABTr2KqRAN8A59h2qMg9sZJA2,3
7wphciBANBPns437iLec43v5yjJ1bv8aJ3EhCNRBw6XJ,3
ErC31eFG59UnqJHfpKyT7BWT7nFjtz9GTqCPPyTKGyzL,3
FDiLdtmNPWG7JikuvgMqYF7umENSzqJJtoJHpSVGBnPQ,3
9v7YGPB3H2z8GKqNCVhrxemsBuwLksQgSErWQJSgeHu8,3
Fb8dJfGpizV2rb3c783DAvWnVrJTF8RZKcLvHPLUdn1a,3
GTWL8SzRW2rQAzU7WfsJsDb7pYa8dj1zMcs6dKv9JcWE,3
3LZTN8EMmRrkynFdqG7gTrGfRqr6NHZnMUwX93KgteiF,3
EjhqkpFFwFVhfPN1ntbEA5EXyxsn6cjpLpfQ2wWe4ETY,3
4rzPrKwC9ycPjKWkUnPsvYvyx4M2Jpwco5UD5oGx2MWV,3
H9bZkD8jjbHj9LqFhGrXGzZCxPku4879hbH2GwvCYvhA,3
4pyomge79HCDMj68RdjWBbSz1i2BqSHhcoMrop39tueV,3
C3uPefYzFcHqFwLMkqDk4awcVj9LjXTcbRgEvVvbJqdG,3
E2GQUESGF4DTYRhkBFaobxNvdu4tdSKh9uXmUEYHaM1f,3
DizgcyGNHLR4ie97eEgyHpqmJSRSSWFJNRckDVzzhssW,3
7oXhQ8ZVCa2rfWTHFBjUPzjw8hRzzmjhpjLJXCtWuts1,3
zYfdPVdWFnvwTDWc1FA1kcZhnq86yF9uhVxXuuq9YUe,3
CjrXWG7JsLe6wsCMEeegHFcDKGFZshfNbkVUgGZnSQdx,3
4JoTxikAaBs1eqfqZWcsoPPXgjnX5ebKdt7o6QN3p6KW,3
BrESj4BLKFUDqtb8EQaXne1xbBWwgFdB17uaTiso3U12,2
8qpnqQ4Umem7tmmBnmh8kWt7DkSStK87GZtcAw7JarYX,2
By4sgxrJFycCe712HizLBAQrC2AEUvwPK6qksBXL2umK,2
H3MwQkpv8aA4TS2z2LMtUbgC2th7niZYqNxWEdK7VC9X,2
ECZzWXVnqfYcVoWgWT59rzeNpkveZZ63dYwkW9oSoHM7,2
G9Xg4jHsY2dvz73YQqP4kuySPZXuDF3hpoXDzHKhRYLg,2
5k8SRiitUFPcUPLNB4eWwafXfYBP76iTx2P16xc99QYd,2
52sDun8hQGAF3vDBcG3XLVMJkBL3vpXUpnhRsEsmyWUJ,2
43onELDgNwzSA3bFNT87a2ueVPVAtZaD4jXLEF72WSpy,2
joes2y9dkZmSS7bRDqtz2r1msCjxJCgMo53i2KxDsQr,2
CrtmbUg4FVZ1Y7QkyUS37h3yeZuUvAgfhMRwhyrE2wgG,2
97WfLeXWdATneuNK1Lh239mGH7U8wUkVyPzGJzMC7yxn,2
7a4CpZ7SE8AbJtRtjw9kgu82ddyYg8eCkPHt1cPXJ77S,2
6bA5xTcpx6WrszjnwGkgR4AFm4W6jWmCeSFZBhKTma6C,2
7v65JHVK9rdVPKTd5yThDa72QRwPLNiLYhoC4sWqRaXG,2
Echtvk4sc8reyx9C8npSSbG968Q2ZQeMEzZZ2BVQFGo9,2
47gsGRX9Z4DcxqNPm7aJRom93fViAjkwPWouz3LknPy7,2
knQhm6qfproQqv231krNb3etb2Fr8L25GB7k179YJAx,2
6jKoMo97ify51J2ZdHNj8d8vBvU9VdQvNfBCyEUaqagC,2
733zvyZDRewmaC87SedmFiwdtmfHPyNNUNtvrecPJsZW,2
6K2Beymi8VA1aNWAd25vibpvUaZeF8NYXxyRFhQMv2Vw,2
2UFMpXiqNVTCcUqbbYbpUxL78aJvKdWiV99dRkXkzCge,2
DgtjW19aeidHtKS4qMd1e6SSLSDs5uATaDPpVRBcNfBN,2
9bFZXi7h3MMuhUYmZZuYTMZvygxe4EL32SRwhRzQNUZC,2
D14i5Fi4SBoF6YjUATwAfaFc59ftqCem5yGk4PyBLGVB,2
HuFJ34mrFK2LCwgaTL8vBr3m7tZ6QpNFCjr68tw7wetk,2
CLcXVZpCwF9QH2aNjFhPSzyeUVifkP9W88WHwfe6sMww,2
GvP3yfbFYvSVRvYKDfWSc7hKt1sUf8F25XCGCRCbKB4e,2
BA54JLEWWntAER5uhWjVfCNHinkPjD6EcJDfeQf3C61U,2
13EX6iEHfyCKFgYacaBkKNs56JJ4dFJXfgyKBv1f1wMk,2
6oqXQ3FhzghdFSfZgc4cAaaZDrEgdgUPRPLDSzG1enaq,2
FmhFpNt5k7sTtRhKxQ9Rtrm2FoZ8r3qc1tQmcHAb3UJH,2
FxDhkYckEpn46Ja6yAHmutXStFjdMC7JLqopCNbo4hLL,2
C28BQHWyLtLJQYQFKLfoNKPtygk6Q18goR168iZ1b9xv,2
2SLwWWPKXfz6fwPWNP6R98swLxv3sGRmQY1sGpB3ogyh,2
GLCfk3nAWSa47muyeNKZDp88Xsy52zfNpQwCqEL2Z96h,2
E4gy5Xuei5GwRuy5ZJmepQMwSDjKtWcKguud3CCVevpC,2
9xtA3FoqjWX3gyR41UjNSv5GffZJA2fwJ7ejse6EnbEB,2
6ywHmRNhmiCPWk1H31bavNw3xcfeLEMGd2cG5jrFv4B5,2
EDuKpEv7j2oUxH1PZiAyajBk2VfQwR2RiFwE9YQ9mSzR,2
8BQot8vZt5ccYwza8inCyG5kxrMC7MeQ9xZB4e9yVNxk,2
61wo9Mz6MU3ZmpDSbU5weGcecdnDPanVePBQTNrLmfNm,2
BQCdNqJMPhtTtgMVSznXHeELHzZ2o6xm5PXW9RhwJyxF,2
6LC79WWC1q5MfnpSvyfqcFDrKESquEzkiFufdswcKiSP,2
xW2Qpcyf2L7JQX8fGrXMt6wZ4Kfgvo1fb8D39JeMbQT,2
EZ4iD1iSTz9g8t5Wxz827tiThQDT4dUUJazj9JGuTjpc,2
DDXJyPM8j92f8fPPrLXEKEmCxYccyGNnX4Duw3k8gSuF,2
JAu7hEKtTEyiZ271BUskRjkNxcDuncoQwgd7gdXWGZos,2
FzCU2eXhuixnKohUUrGYC64T27Qz7ZrdCwKE8Czd8B7e,2
6taovJWhjQrFiHrUznrjKN7Mp42CVkVHibcoL6dqSssa,2
8vQeeeyg8VjH7ZFCTa2Fk6JcjEnPCwoBjXT3NsbfqUSD,2
3o3xnmP6mgzjf5hL98JPJGMckpWKHzDjiSFLm51Qnjeo,2
HpwjZ74eSPWLHsLSFEDFWUELLmZ4DNsQfyp7335md1Hc,2
F8owpRdVD2GrHc3CKS5ySKpi5kPrBp1JEKP436LrPepn,2
Hhm82jsfjgzd7KXovXg5dapARUvUq3uSE7gen7cP1TxE,2
56qAPU42ZZm1TKG4P7MMhwKuMxwje8TYdQYCe3GDhQpQ,2
HFfJCpMEs7vqgeNorkEJKGpGjWDNpYc5UJWAq9F5MDEf,2
B7EuQmnyAm25c7JhHcAPidpMxQUEe1WyPAwpThp14rHS,2
6MHTbMF31dHfzf5bexAQuhLM3nXW4JSGAjHcKbWXdJ7j,2
Ay8w7vxnd6PKpH5Anip57pJcJe7v9gPDtMExiNzrTCfb,2
Abour72gxSxAS3zxQ5BBjnqE8MtHW8xETXMRVCkEtxqL,2
7zszjB26j4y3a16WTUiyLPKnZAHuiHiZ21xLA5A4nETh,2
GHpmaYCQpsHdia7qJLzSANwCXjQGhBaqrjcJkQF1WxhA,2
3o5MzmynZvxz4ZfmYmVLnChHCyRtRVmj1Aaca4FyaFm7,2
3bXi3m8kqS6g6VWcCbSBU2TWhGfLodYwyxsdyPGakbHa,2
H7Qw86rZJ8fPSgN6GJL6uByJAXgZMHw9bBU19aaCrtUU,2
Dkt7NdYXE3eCHEnSSf6gmgyHqnfBfpiTMjBXJJh9DNQH,2
3mgCc81gc6Y6dosSkhVsBsaRp7pdw6Rxvxo7eT6DfYQH,2
B5efMDTZQym7kCYXRuuNMpWyGicwA4hRC6EjYxqyLCp,2
2f4Tg3bCNq27CSDe5ZkPP5GLrb3YnSworUnvm9smTSjr,1
8Kypb1jatQfZBKuFD8WWSLGTKpVuRAnfZoLRsaKGoHUE,1
8fo62YXvPhPPEwdqTSSrNSfwFmf2AyKGJ91d7sJp5AVC,1
GNdb7FNJfTznE3YnhA8zzzXGPzQZtqWE5uX5VuGmGfh3,1
FMjzTkdjec589D9C48i71cyHB3kXE27PmunGsVRSDQuV,1
4bP2UEdskJtLf3sc4wZopgmYXQ4d9GpKuXn5VSaCGwat,1
9imqLY46mZS5HAUzDG6m85MN17xRFAcCwTa25dhkzRbz,1
ENjmj9ZUD1ZoAZ2GbEQDvMYFvyy76TKKJ5nWVJiTPfSB,1
HZ6oVvTzoi6EaFmw2P7hjZxvxH8feLsYrNbXPB9sxPab,1
BCTT1tp6L3YDnuAeqdrSJhntWbockWtRaneXNpXdvWUu,1
Aysy1zGmpLoD3uPRUDR7BYJYrp9NtjwH8mbnp8YSeEqN,1
9V5dQ8XQtNbthz25wFrAyTEVqGaWgtb3Y7RYK9gNu33C,1
FQbxWyXZrDnxD9dTYYSVRmddzuSa14GxCsiAuRirUpgE,1
7CMu7FcGRwq9CmYjUDSRiNXtRhkvKytEk44yCC12ny9L,1
2cvvkGkdgBCJ64qr5xrtF7cD5VhfhU2sDJFxhE7meFV6,1
M1AKGJLb1xiPz4zn78HpKBPH9BpeM4M2ZeA5RysYkPV,1
3w9zPmorpcbwhk3QnadptKNm5TzcDWwMtYXT9x4ekdYF,1
53BCoapoNxRHNGhP2MAvNBEU9RJQuD2YPQiu1qje1Zki,1
9NojMNyzQpopP12SyNrgiQGiwVngAerVpNZHkeSJQKHe,1
DDkpZx2P1XZzkkQ9CqeAoXG1MHu9JJW66jErDjzrvQhz,1
C2aJC5gPdzZU61AjGdeFbCqdeAKGVL8s4dBSR5Sft2rH,1
Ci4TKHt4im6ToNuzJ4RfU6pPwHpe5jgKEi9AHsKK9Uzy,1
6aJo6zRiC5CFnuE7cqw4sTtHHknrr69NE7LKxPAfFY9U,1
FujKyLRNnb1wBgU7hWLLJcH8SGUorL1x1uRctNRTx4QW,1
BcgYRPQC4mE3e195FmTx4mspmGbDx5xdcdKuLwNG89ov,1
8LLaC9Z496k9W6geMSEVYVfxX9mhn46CVqLcsUru2RhW,1
FXmCCNYWodryEu2sthkmuPHJoxmFJKDeeBw5oi6DZ5HP,1
GaiPrguxr9Wu7M7y1wQ64X84atrYWgzRvYqa1HKTXQnW,1
8v9zRCtLd8wuoYQQ2HV4LymaCsNo39hFEtfiYpnLh8mJ,1
GiJ9K9ySRqrnhqRGBg8tFKMnFDBmtMnvWwHR5cCpDhLb,1
5uVDhGtcK3V8yJx52ijwg9Z3s3mySyNTTYkD9duCLKir,1
82dvgTAELKRELKDubrnLfsuTSgemH88gtWYQZsWamXqW,1
86KDCc7Nkh8q7rUGamSaEHeeB4k5ogXyXJqmEQbDViAz,1
3D6N1NNCYuZfyXNGYYjn7VVuLe8DrGfP87UdBrkb2uLk,1
Dee4rSYk5jN22qmzt3aMSwr1mutZdiW6mBYfiju4vKoE,1
BYkr6wenJfYXPzBibULWZHkKt5E9WgXfAzbcyxJ5KV1C,1
2sVE4nQXwqxgJ33Pbz8D7QLShYjKpAT2bbJbMgA7EeaC,1
3Y2Ljjy512mqGFKtbZZAnNpjfTkaWT2WqDECvrdswfik,1
HufoWHHYKSHM3S5wbegMraifNfcc2pTUJPkv6EuJYTX5,1
C1z1Kqv9dQBVcNWDYkyJXi3aANhdcQws2Dxmtpz2Jw17,1
BzLM9d1pexzLRG388HJWLdVYEriAmn12JQyKE2gn2MbK,1
BEmpsAcL91BaQ6Vqj4DR9UTZoKCYAt2D3hSji7LtTaEj,1
FSt8AxAAVD56ADtoDsQXvxrAcS8yueoypmtf916WzJ2W,1
3anukDBEijov9oVBNNbvCYsUkBc7yYioiCZiGvuWw61e,1
3bCz89Sjek5vPBhJy1HVfpXEXRVmUCPCmBVSyrsBmKP5,1
4tAuRYufxoPGgFDBh3ZdqY4pVB6EruTRTMvYXFkJrjJn,1
3Fw9gn2f1rJ3aqYPRtXJWuc8XCVDepc2XoDc5Dd8GsDg,1
AbkMwb2K8fKvTbmhWDX1uNwF9bz5qjVLUbeurhTt22kj,1
FQmxqQcqDwujeUCWyPncyjf3zDKJwBJg5tn74CzTTDP8,1
5by6jSTBaRpPRLsSMnMc7xqNCUYBLkzskEjWSp4VNJzc,1
FGg9FuL5jZMTPy4FNeHkAiiNAjkG6dBFH5Gy3A2R87Yn,1
8xv431ZDiWxnGhF68Gj1mi4rWzvGXfUQgSQm4f4p2MY5,1
stoog8LBUSAsSqDN8y7LvCX22ZFonQVSHbhg9jNMS9s,1
uFymRh2ZMvAKnPvF1kUgBUz9auEVmkvz95RrYkuaDe1,1
6j2Zuyj7kppyBjKQQdTV9vNi8cMvT9gSBGqiA9tUws9A,1
8rpMZzempTdHeTuBZctfNY3Syn9JG9nBCrdEmECvrqxy,1
5JSziyeJzBfrC6xKtCFdx73x5d3FRmWy1jgQyGsiGTwt,1
A2oZK2wJNgVBnecbzjQdi9EgnS2g1vJuE6fzR51cb5Bz,1
8DoCNND5JozkTV4uQTCGN6JqP9vdGcWX97B93XHtpvKU,1
AchcRZsRyJ9MdTZDPsUyo15QEypKKKyLeitsPYfiYvyg,1
AenjjuEUwhuHR2YrnDqSu7DPggK5jnhgMZUEW88snHX2,1
BGD69QXjQMXRP2E1R7MH7iD9EWJbwMLeGskR88XS9b4h,1
pM85sopeQZ21QDufsSNe6kinKWC4R2aY5sjyweCrunH,1
5V3TMSsjdtvmwFyKmnT2h11NJCgR5JknKrgXFFRTV8kg,1
6TjvfcAYC661LvytkWrvwW2mDLeY6CnpQSsvH3hkMsJv,1
6fKwmh3LgFkPLqnmm7h6T3zTuCsdqCoKfyYZM1fz3Vag,1
7MLUFSFhNzk4H6HeZ8eNh3sDKgkTCdfjvzV4iGJf6sT,1
NAtEp6bhjuRkXDxEesv72ZoYjrvSKpvGUeQKygjU5V2,1
8WbfVAFq5HQskuFnneasjZehZmHSwJS9tBGKwfnKAqY7,1
HKiNeY14zzN5y9pVh4MQqphopzbV6cyTkPtPyC17XtHt,1
DcHeiSYFDZSgKrdNb499hKCxEkb8329HmeXwJcpbCP9a,1
HJBVadEgXB5TB3V65vn6gYvUvfeXtTzEW67kiR245Grf,1
2isLU5RCBUA4fG2ikzeNuwW8xTqtMaye6r4F2YznMK63,1
7T76XZDtN5hDtrWnc6xRgwRDSDo3Gbu5ZnFzGFwkeQxQ,1
DNRrDnPWMKfQsSLCZCa9th1SBsd2n5TYAzqcfEGZafpH,1
Gm1x7ZQf2tPNhqp5CRAkb7N86Ru54pQ771en4Nqyz8Ns,1
4H9SkTDc83LkswscomRpVBmQ2zEW3voirhgt3gEoxdaB,1
97i3wZ8YiH9ZUVCuWub1ADVYy2fDoSKpEDjTFNxgfSd,1
AdRM49ff7sgAJrsC6KqeiyY65SWuVevbu6FpuY5ndefb,1
3dGvRVG7A9FHTz8wTZLRidwEyGxRj5sKrRAcPnV8Prvy,1
A61Tb2HyY3cnNuCn4FKoC7XnkVRuZPE8kYRNr3h4uJHz,1
8pzBC6uUnvmobcvJTBUcxpMWjSe2dR7wSMWabP4ot5YW,1
HiWnoaX1WLC5ousPDu7MkDofj1Vi1sQ73LY3MbN6cebr,1
6JHNuP8ESbkaL9QwvQ235p3HNsHhrVTZhbxNKzz3Dked,1
CjXVyDQCFfXF26mvE3hZYfwx6qG6bsTAkEno9bwJDytu,1
4q4i5Sx53XdFKrHRzBDc15bVZ326PGGQEyc9Vt3XTQjk,1
3FHgs5GquZH4RnL7TPKJMeT7S6HRbBBecJhN6hF3DJH6,1
8XKMufFDCBf8z2TWHbj8isGMfak4KXCtoajw4B2vaumY,1
GsnQTFQt9rffAP1tMDxtgUiNjhUPgbALsKscaDQAyA9a,1
vPRFbJvShvkRw6ip4deLGpBFnRZe5UdqRrE74Pzo6D2,1
2hH6jJEZ5N9JmubJ8u9Hg7PuE9MoPFZa82tVDRpMFKUt,1
8GR5wS3xY2WaHF9r3hFwkKd69gMmsVpJgnVM6h1v4ogG,1
tXbsqXTkf51KoirUVeY3dcTCwMLChU3qfyjbiFJxr73,1
8m95q25FsDw1FpUBVvpk1WfUnSWzPamyY7jW3MitQXu6,1
8eRS5taJGyf65CL81t3uYc7Ahex7HYumJronmUSrNPSY,1
7YYZE815j6bE3C1tgiAXKWh4FGwUagpxV9oUw6dgE1mU,1
6RBo7Ey7FNmCunJLDy4G3bMkx5V2NJiMxcouvTPbu2Yd,1
44rSzUMYCpBoTk9jwpPPJqd5KjWepJcdficsUHNgLxgF,1
7eNZjzQvwPBajemXYnrjzvcWRhAH4ZdFWz62KJAA91GK,1
9CXZs1r8RHe7QWGXgo9JJJvd2qdF5RdXnZ4iG23ivded,1
HJhxjoZHzf5wiUCkt9UDdvrYWYLoCezJB1osGtZvVwvq,1
FYBUQw1SeuEtBoRByrb8HrVpaLvJ64vTGzuHze1ckbiE,1
HormZ2TszRaghS48T1HAqyfvkpd6e9aB47kRAhDXCPNV,1
EjGSkduJyNPDrHkFfiku1ACCSYG9GSfB27h1etDDNaVg,1
25VNZar3Q9zwy5mjM8CaJFWaRcvsALXCp5PVnTp1hG5B,1
J9a18paWmfDQvnwBNoFbsQ1ucGuB69i6dLsou3Nf2kgY,1
EybWHGJtESe6z75v78kjqdenkW76WuR6fNJnuZqrqsR1,1
G3ZxS2dFx2mFnXAyuhxgnNQciVn74GUgrgvo7hxqB1vB,1
4TkWqh1xWSkTvJu57cgUMSdyUosctUxcJfpCJGNGm6qw,1
4deiASMttyswi5eqTsTY9c8t5iNrmo7XbAbpgTNohHXd,1
3bteMjYDNDHpsjk32JPodiyV8ki7HApc21FYGZJFjSTn,1
EMaCjDvQnBkRuVQagCRVVEehKwVbkGKmyQgKBN2BLuxv,1
8jyFyn6mf5xf593GGcFzMErWgAcynRRfciJwPYpBvyKi,1
Gm3cQkLjD51KmTNswNv9xyVUTkDz4W7zpbYQE1AKQvkT,1
Fywb7YDCXxtD7pNKThJ36CAtVe23dEeEPf7HqKzJs1VG,1
9m8FXc4v2PLJc62biS8S6HPDkDBZxCyMTThv29TQyzUf,1
6UTTWsLxknNXQ1yGWwCy2cbhxFia89pdb1kvVCpdqYEb,1
B1VYoGXYxbSNrR1QwAa4JaTByZYqrZ1F4nynfp3Zgn8m,1
DbNfW59w8HjdJoJQXPz4U1te7Njh2LRAJZs4WSFWYgVX,1
7pPJt2xoEoPy8x8Hf2D6U6oLfNa5uKmHHRwkENVoaxmA,1
BQXDhZJMjUGPuC3L6p7yq3L1GVLFwv2DJag3yF3Jc1VZ,1
CdqRLinDLKKdcsnNfvZk3aFG9TAHjBxGz5X1NjtkTiPu,1
939AAWDfv2wTpR4qiSU59tyXYV12TrYr8jaxfaQWmydb,1
HFYWgGn9nAuUo7vPwBw37Cs1UdFcpe6t9GFznZc8PHfy,1
ANz5M3M8nkytATgpKJdfA1wC11trGZkZfsu4qBYrhYR1,1
EcsSm4URs7V9CtQ6DzQJoZmNHHYUus7WdpeLZDdwQ9hE,1
2uReJuCesdYnXz5Pbzhr3QsDqpJKV3pVeCobTGHFfouy,1
3s6VUe21HFVEC6j12bPXLcrBHMkTZ66847853pXWXspr,1
7V4HLjkjodRi178XryYGt1T9epTsvgSBPXaYeS4U5iVY,1
DYzMsvZvAdSbd5CzAiezV8QvYF26Rt3ZWzH3y6CKyBrz,1
EKeBStmHfjFBu3RHaMCtZivjUvBwVmeNSoVthJGoXyEe,1
4zzHmD8fiNspam384wLgTDBuDA7PwLhVTbL9oXdk7rrZ,1
Fgf9kLg9Q2L8tznTcMz8JpGD5Py7SAjE7Jp4MTqJ24N3,1
6JSrh1phGNqT1bAiTYkfg4uMQRYKYVmtN4eWsXKRdAwo,1
FF3Sy7551WMPyXb5CEwopT9GHtM6irZgkew5fpuK9uu4,1
6ZDWQSfHLr8bTeLaSU5wWwWdqmoUUGMy4NYaexySYzdY,1
46Hfc1yPK1ZN6mWG56b2PNRRsq84zox3NwnnP78CcerX,1
3aPie3MhGHwmdgyPxds3jJUaqkiCpNinnD77w7suMpBE,1
7NC8Y4cKtNQHx3dXubEUXArR3zwVpPU2pbarGEcFYqoq,1
BxRPV4VKXAF1Mc3HWT6BYsChrzmeXGjF5cfpZfiQi8tk,1
2mtn1sTUnBQYXrCcZJYoB1KzjW4vMocnW7oZYbhTnrCs,1
HU9kTxqQRSr7HASqFRTDjwHuSKDD8A5xxQC39KLC11up,1
Dx7uG7ssZLz8V7FVxtNHCrmud6WAzqeo3vrCAzwNxxbF,1
4rFf6ZKjAuJ3ztCgAPGPetxdFtVzWiJZM64A5jTFfhaa,1
8EkU6Lg6k51z45thxRJrVX1Gp9tG6MePPUsZQN3CJJin,1
B1oYNBAk9BSAskMVtmA9i96csxYP7BNJZUVj3iqFHoZN,1
3ymRfD6iLyEMedrFCaSm33bJTX1r94v25PSZHMhSKqci,1
3EDRJmsCvdCzQZFVB8riVCWgcCF5dTLwhdSi866hgWWh,1
AKJGNebDHwz6vuA9bC4gMzAuc8kMMuotR1wTiYxR9Zd5,1
fsxivJ2jKqNKqTWz7nFMZ3TaD9RZYtK21TMad5VwKrV,1
6SnqizBVHXw8ZqhYZbFi8GC1w3BWP54W1tufdNWkcaKR,1
GDwhcc9YGjkaPR8BGzp1vZQVbj2fsLaqfpx5wp4oSeEJ,1
8wbei5emg9eFHc2keXuQCZ8gu1wZ8aKY1eGMM8anxRGb,1
53wXFCXZfbmoXrXcWj9kUvGJjdvKvssSf5qCXrox7FCy,1
69ENrfr54UxSLuV3cAqvgqhaGYjeUeMJXrPcEMGrpsHj,1
AmoRXq81SmTSn1M2ZMSo6zuzCjrYAkCVimZWqXAgaLDt,1
3e1JUb5oJUGKRSyFtJQBjSjF36gUMHARKa5gRWzrZ2YU,1
8fWfAb3L3wExaXQUSUnGUG6MNw5xCFJRJM4RZEdqjUjr,1
87SSThZ6Qz7twDWBERhrC569H7AXknELaTTKK5enJQoP,1
Ce7nSxF2u1hXTeju9R9injiyuYRrCbDV6y5AomGNAsgA,1
26PmEDHTgjCP9JBESy4nZB4h3phMZqKWn9t3ZouGBVAG,1
CqWNcAvpczvSfH3a26A9uqTCzzzLNAUmi2TUEPMbX4Ln,1
Dg3W7FQrqJdWN3c2PjmQ7Fr8n5GEVNViPHr5F7vN1AdE,1
99d9AKDA4kMSTQ1UXfXv5YYwP4ezv2L2K5uq1BvNhZmB,1
BKXUGcYJrTLPJWiMdhm2mJMygVWEw4MHYWKJ868PEWNm,1
FqkMiHNQsjyGB3GLBwNDt3d2v3u5qwsHesyt33P1yujT,1
AyPNs9i9Cq5vb85bV3zySdBRpd2si7C2s7vho7gGWZuV,1
315N6qxGHZoz7d5RQHDzh6B9XRAwebSY8R3fSYBrsVAH,1
C833s7kyvbLJzJhRNvhrTJijWweAy9E6oDjmrjSUyCcT,1
4HTYmNXwLDPb4vKyHFuLLyF6LjJahNGgx2EVD6QNwn6X,1
3VX4ECdWhYVYSxpUXWVmJHwnZXgii2fGeNDtbxWHXQvU,1
FBzLZUcQQx7PXymcg7Tt1uFdhberpTtYVqEH792i5Hpb,1
CCDy8p4gZUVGpFuEFDSNfToLGpdb44oZNxymtpmdz93h,1
GPXiHb4tKGX9zntTmcLipujndnN8ZB6bVSHjLHagMbyc,1
EJ1PBW9YhrcJYdnF6jmP3LCDU9dfmiNJ5HpK42FkoCZk,1
HU7sSJismaNpm3YJcVyGYoEfNMb1wRijhDnwygt7JqM5,1
FDjg2eZdUD814va487Dnvja5oPYUDtmbWo1y1waiQFxp,1
azothGVTnmiTHfKwHGrNSmToHfbpWUbVjGzVcuTQ93o,1
FHgDGgELTxqca1inYR3jjDpQ2Djyb1AoKcaZkb3572qE,1
79SeV4wJgEQop7FU41MCDEve5h6T1idoehjkgQbXZkgt,1
8hZhCLWpLBe9txDYLEzNRLXdmbE4HqXyE4gkf62KMSsg,1
HXGHg9Gx4r1JNCwjDLDE5LxML53kC3bzd5SLketapVaA,1
6oDLmWeur14ZUFtkLAD8RwzhP1eN6kH5ZTrBGa75maNP,1
5EcJevf5bj2MKFC2ZXkKJjJtC1mpqHygUKe7AwUycnB2,1
2Qr1A4sd2wTbg6DihXY7D68idmAUDqpJxqFgSJ6gxjEb,1
DRPeMowpMdNNLzmsq6TydXPiMUosLAgtcJGmxPAVDNYA,1
kccN8sMjziX4EWwfeLzxGiGHyGFLdcimUAy7k8vi5sy,1
8Jn8cNaMgW74dNeBbVs3uUdX4iNspbPcR9wsc7uwUixi,1
4YahqXFiX6ggYYWYN2YMwLkYyaW8LeFikoKL7nEJp93i,1
6WLnvEA4W7yFGvhbdE8Eckz5exkLgi8rMzUbCQMWUXRy,1
9uR3PXeCttAJo1tSegKJXFg1Lb5ZvuBAn6oJMQ4kAi7Z,1
5c9uLTtyTeY7EAG2PgeEDY9wXnucHbds86XrSQNb6m83,1
ASpmg6bEJfBPfMJuYKDwAYAxSRCxCCdFQ9Fpm8oiDqaV,1
DcMZuyEYNto6k8BW7RGgynoTTHaTyYHRYUPXeVncjmnX,1
3FvHaGEUYCmx2s4EoigthkGmpySs8SLCQ1DqEaqgNGtr,1
6owc2WGRWGrMzJKV2h8NmiY9pJEHgWoLAYmUcLZGYAzG,1
6G8Cu53PRgm5aPHxMaZRguYHJfaNxmnmgoR129cKMvJk,1
8UakGdW5GeCXCYksNGMusX4DV77Kq1TdLtXS1JymNosq,1
3URoJTpnNtbSkXqnc5VKN3G6uAfkKLWZ54FGQo8FnZ4J,1
En7sceBfYE2nE86vywsut3jdpQKdnREZrSMYVwictg55,1
8Q7CJzvrozj1qb972u8c61FUGnwywM8LygyQZCJDqMoS,1
Ev7kp4NfhVjvUqKMwhKCcvXRb2t828gDaSqWsD2gtPzT,1
91PVqUY5ueiE7Lq1wFNWsumStohdRkfeQTWQ93m1ukSZ,1
HC7CbfQ7y3Zw3s8Jw4j367av55NZfj34MoA2Xuuups7t,1
AppZG1JXBTmstBsu64dodpzoSdixzRxzEeYe2nK4nfXZ,1
7RXLqie8YnukVPJtE8Z2qaC8Y4VrZj5vVwEiu3cHf2E6,1
6CtVU2NTEaop6S5jsb5D43KNr2gKnAZrbfkoz7eKYui7,1
EyJgdzad47ZKM7fVWe5UhKdszkUeDaEXmXypNXYixggw,1
71BCyN7hLuj6wVvvWZJZg6in1RPGHfc3H13gQvt2jKY6,1
3QZ6nZggxDZh6tXZALLBAc4xydeT3i9B2gfP75gqHa1L,1
5jaBqxwGGy87wAiSU2hsjwhEwCn8b9FZ9La7G67U2Fpz,1
7qGyLFPZ98w8MgASVtSP52pcevrmXtrZRpuWTPRUvCTb,1
AesJkfJNjn1q4EAmLD6ekZnBcFRNJuDjv1GFfdvuHFif,1
GnDV6MZa7JWvSR9ffLwPEN3KWrS8Yp4qqWfFepftqTox,1
ASp8obo3XFEnXCyUwLeXi6j2peuLbPKdUWDZrfs5Nmq5,1
6jf3JWnS3GmkypGFZF3ojq4qjfzYGrgFSFP37e9oADCz,1
FKhNzgSY8ZU12ydREfNGks97ew7dBgyRu2CWhrwnVZEy,1
AJHBcG3CCnHRsBcXEjEL1Zo4gxxh2biRmBgSyZK3o5eQ,1
E1mQSp84UKEpDtadxx4syD6Fe4mAv4wTGWsRfc4ocsdo,1
DvdUSgZCrQCMrSpqduP5bYx14jVbMCBbGanRPYKwS1qn,1
3LCs9SAwT7mRcbzchsZrmmHj2CUfS2krgcke6aZgkktj,1
GbdJgF5UygQAK5cynAeXEXS5nBT9EVWu6vUnCJnvqHG,1
4dFH7R8P2PR82grkNiNMdLB4p4k6zPjVg9HYiWdw81A3,1
7NCANALLn1PAS4Wge11GeVqBSxX74sb7gDDyqKX3zLK5,1
8AThr4fWUn4jALMtCvZrMR8RXZxR6nfnjeEK7w5gebR7,1
FqV73kczwvoNV4J79Sywk9Pa3wMs8a9GjpC5o7QPjsJN,1
9W158NXeZtx2YfPubmsdYdiafwMJcQQW6hrYo61BfscW,1
A6J934potHS4X7ffaY3s8KHgYGZnK2moKtRdRx7J3Cv1,1
33QpqHcC6nc2giCpDVfGbbKMFCZFEr67SotS6FeRuzXA,1
ES5ZcwCUBtkRq9AvkVUeMz8cqQRcumAHmj8LH5YTLAaE,1
H6DGfq5SkCmKaeH7G3Co4Xcks3WaTZb4azeekq7Hb8Hp,1
7k9aMiorPjWUZ28fXHr5oxqF3njR8VcCpnpTXnPFsMU7,1
LUCK3qYgdot2mjaKazRXYuiFVqyALg61cLjwPSShdfi,1
6WKRqdDmvF9Lriq6G2wM9iBs7QaN3SZjbeHi2CvrNK2r,1
4ugxwYTUsggjJMGcsC2yc5XQ2uvnkKeP53rr47FXLXAA,1
4ppQuo1c8N9c9uvt3nY4wxTFtAivneThEmrXH5gDCmVD,1
s5bzjFuXg7cQykuDqJuNVcELxzH9ZrYd7jTEkCPVUNd,1
6RwS46YZ17mEgQEG6RXMufnisGcFhqeLbpEUzdgqBLFr,1
8W3ugHUmQ7bYR2qRCBsiTpbQXYocKLW423xUD3zu2UR1,1
4RhwWSkkmLH86QZLH86YmcA8pfvuCCxUTPF2CyzRvhYG,1
5vXzo6dv14ogqAoEmUbYJsdYFK5v3tDCr9yvwukqXrX,1
BjknqBc91kBPshWJmbUZBExuN5YbdNRxYDeu4brp99RC,1
Du4BqVTSagXQaPmH2yUw6koi6gvUG5mMGS8foTqzrTL6,1
EtLaJgjUvMSuiAogFYPZi4ERnQvPWmYLspUx1iWSTLYo,1
Cq9yEBT15Bvxm2MuEvfW1QSUtpSRNuErzTKPtVQcvqWL,1
5oTVwqUVL7YMHcByUEVc4Cx42qgmMVepdXPTfukh4EW8,1
2wJtAb5EejK7hiFZoQC4r7ZjkXPQ4mqtrrthqbPyAw8m,1
32RpuadpC3Y93MsPHxfW8rzpfmtNZGiy6cmoMSAm9p73,1
AmiLwrCj4iv98VQvD2QYAahah5m4RedKYUKhbShG77Xc,1
4hmYtn4rSdPkN4fXmd5BMCxnXrmmWsksdpGVdtd8LsHv,1
7s6g9JGg3P5vZMnW1NXqfCWMhz7q1ZYrJVaQL1CNsqmk,1
2KhW3EY94w3uYByk26gadZJSUEWnLgz9PG6k1ECwmNWf,1
HhwjAgZ4LWqVDTeG2zVwoj5WjXEoTfpJaycyWMh6h6y9,1
J1MmPi5PzSNrsBQgzYQgLcaKkzADuscS68onDJU4P78S,1
34RiVc3L4PBN8z37J68E1MeFo3B1SAujyxjpmHmcrqVn,1
2G6V2ub8SNt7tAy6ZaTv4pJS1xoMaD8P8NH9Gg8oy2S1,1
GMpZtZmnDBcF6P5L6xJnquGXfNQhw2myoXQC5SEwbPyW,1
3PKhzE9wuEkGPHHu2sNCvG86xNtDJduAcyBPXpE6cSNt,1
A58V4EQtXu1nKD2wxkY5WjvWwAsXcePhD9J4cwFZQFX2,1
UZNHFtZ1R6DCuxnmmg2Lh545xKDCSUBpUVNWu9iWZhF,1
H1qfNg91Pk9MRiERJm92353AyhMaEw2gfZs8uB5bP9Cr,1
EzkwUnaHJDGwm3TtCihXmamkDtMACkRoeJb1MzxYhfrK,1
8Cwx4yR2sFAC5Pdx2NgGHxCk1gJrtSTxJoyqVonqndhq,1
EocBA1Z7aAqqu19wBVkMZNFXjsFbTbQTrY5dLd6hPHqE,1
4D43nW7fCa2Ha7RBrzxthuscegE2hod3zyJFrPbrcky6,1
7xadG4cK6jBU7mCEWzCyeYkTwgpKbN2oQezXY5esbcq7,1
3oSZuVtSGqZb5j2EuB1BSDypPUQdMwm1nBU3CTs3F8zn,1
CJDJvxcaxvuJBdaK7y7ToSRyQh9QcJUG8ETMWnUgyDZE,1
9E2Le2PMuHcin94jDn9uogNDwT9pHgDGcpDF8dEWZ6yk,1
2aHqhqhYpqcxstxXqEYUNJSKzXi5VxTsJkR86ckCH8hR,1
G8A35reGskjSehS8qez4sAAzeQWem69jvRZa3G9RqY5r,1
AynaKNtg7DtjNJ65KF2eVFjwfVGufg4ssUgoyBGH3j1x,1
neAF91gaS95LFtr4p6rfJSHK6LBmuynAqocM5b9nrJ1,1
9xSHmJMNmNR3BWChxaGbjNJyYFvWwr8HmWQBGvmWS2hu,1
7VmRtqmtzZasa8z45CCZAZwcD4bXJTKCdydo3EYhVAsV,1
39uzgTY1HVGwHVb8hdYEkCwedu8BFxPXg1MQJa58rxcF,1
4nzfyJXfrrMHGZwhMTaUaHVxjT66QBUR3A6FosoBP4Ka,1
4qH37phq3DUcULzMk5qoACBFYNSzi15x8P5S9FrDTvUL,1
8C36v6ms6umLeUFXF9RZkE4UowPRFq3Q5AAjUenCdS6P,1
J7Bn93NHa5hRARzwi45YDn6ksgRdMScvvU7CXDFf68Z6,1
BEmorf5P1NVyyfNZcniEGeeKimo4ie6GESpZwDwX9HRJ,1
BAHqRnGuQfjf6Ub7N56ZSC3GBdcsPEPh69BJk4M5WYYd,1
BZTx18qmTDC4ivNaKwy3giSdqHUtDqsCAwSBtf1Gffym,1
6iXh5CdA6EGvRLKn1UFe6GRvUjFYxXTQZpbgvM8F3H96,1
486KDpp2jLCwFfkkyCMJTQESgLgi1MXAkY2h5pvzd16e,1
H6nYmWJSzZLpX2whE5beFZAU9Jjd8buCABXwATkdfs9r,1
3CFjxmzcfNHwuUKFKNCZfKz1vn69jSDwkawBDzEzDQyQ,1
5uVvV9ozV8P6qu6fxoqbPxYiCUKcR2TGe6vd7hwPdS9z,1
6QMV5hUfNa1LWtyogJsK3Hjm5DHFM1TRof2bHKHd2F1Y,1
8Dyk53RrtmN3MshQxxWdfTRco9sQJzUHSqkUg8chbe88,1
5FxQdu5pNLmJVbAHb8L3W4KRQTdAD3oXWsbnjW74aLYX,1
3DSvVuqZFP8DrwCcvC4794i58REbgM3mNTNEnPTCF5Lx,1
E2kdP599z9cvKyg71xcpUQzZfM62ppJhKgVFsC2L5kK1,1
NrPwcqdEHjXCGZnRXXWR8oU4dh71LQRvedSw2S5PqHm,1
De6pp5QF5WTcfkNznJjcPgyzbrPWMRqM7qy88tZbcJgE,1
Dtd1BRbuh9RzCvRDHEANPe5CKcKa296fQqrDLwJwkY1x,1
4APg3CjhQ9BD4N6YeFHrE9H9EbnM2KWuiujPvWRBdc3g,1
3iW31EVKMxPEMeXXyC1bzXmvyByV5ph6ryvwPSbmm3es,1
A1DZeL4TBtGvKb11ei4eBoAs1aRN9fB6wjgkLY8ER2dg,1
9z8Zi8vn8FzHUrMQt7AhWz1mzFStjJPp3XgRdJi3MZqG,1
EX1NwYiv36SyRwhRxRzSr4eE3JMZbyfmYrnjuM2Jbgf5,1
EJDsjRHtut2o16wKDYPjD1RrWiL6x7N9yrjL4wZWW6Fh,1
BvssNLTytE5sNnEyXNN8huCSZWow6RqD4Rk5BA5vEyKg,1
8D971usPgwiAVQJAAsg2rPS6S3HJze5QbcebLkALq27i,1
3VBMccPkATe5nJhpcBfQey1j4YNeL2frCnes45G1J9MN,1