owner,nftmint
H8jQTnXqbyZ9keygdQDmonbEN8Ttxb3Cq4cBzxGk5cgQ,JDKba14uQou4mdfNWceYHBxj7WD5K1E3FkicnDSfGo1T
4zdNGgAtFsW1cQgHqkiWyRsxaAgxrSRRynnuunxzjxue,J3vTW6uSJmyR1vjyYz6DbwawdrDa13QrFxPE6M9yUwx7
CinHb6Xt2PnqKUkmhRo9hwUkixCcsH1uviuQqaTxwT9i,HrHX133PiQCqURrpPWtq4N3LAKRHjCXLf7q73tP6fBiK
robrerZh1xEKpEVpA6XbfZ6UKAHkg94RTh4UjZ3acPV,HhcAgJzsboYAtFNiyGjZXuw3C5gZaefkthgKHR5R7fFt
3PKhzE9wuEkGPHHu2sNCvG86xNtDJduAcyBPXpE6cSNt,Hav7MUZzUWbqAcbxNhdvRUEvyXAtQpCZprUH4ewDFJoV
JPQmr9p2RF3X5TuBXxn6AGcEfcsHp4ehcmzE5Ys7pZD,HU3p3QiDpBAGrQoxSXxZG89Cgdc3qwSK1CcRefB2HuUR
EdsN43Us8oUT7FvxNbkqnYGvbAF19XN7evv4seBJ8uSz,HSB19vAWnKxDpSo1hdKPR8e6QxwDRYgf4jdYPfoUzXwK
7A6CrNWAFFBpQTBRo5fULibqqB3MouNLgbVBf8D3MJAx,HMmHvyzHyHVk71xWJwypo2zHhKoG1TVw1U5PLruDgEvZ
CjYTP9jJVmCqnmdPf8tyafTHxTQtAjsFckVGZWMwprca,HGZcAhHZsWoWCKFS5YczkCDJybw9MKqFBXnCKRyZuai6
CjYTP9jJVmCqnmdPf8tyafTHxTQtAjsFckVGZWMwprca,HAkyxGeQbemNBjzmJ3W8ErHJZUVA4WPbJkT9WT5fyxLn
RMCuMCgR5rW1MfZfRn9Ry3CZxQYhTtN35y1Z7WhXAS8,H6MpcUkZMKqTC4xrA8NwRXf77P4G68DjUaeMeFL7FsnP
G3ZxS2dFx2mFnXAyuhxgnNQciVn74GUgrgvo7hxqB1vB,GPzjyCA4Ld5WTfcc5JZtU3mhdeQ9paQetd59SZiQhRFh
CjYTP9jJVmCqnmdPf8tyafTHxTQtAjsFckVGZWMwprca,GGXfCaTfdAJvGPDFsdXau2mjfeJ95D8yfovF5Kmt2y71
CjYTP9jJVmCqnmdPf8tyafTHxTQtAjsFckVGZWMwprca,GCsm6Jd3Vxgss5b5sKZg4U7FwuxqsWkjSBEAZcnn9oYK
CjYTP9jJVmCqnmdPf8tyafTHxTQtAjsFckVGZWMwprca,G3ZXdwyRqZXiaAfTTAXYhmdRj86JSfycpnWTgRntj9rM
8mR9JwadNcpRtZXYAH711wh6SobFN4jWyAkQW8KZw6PE,Fvpct2qBUuEAcvyZYpemNifmm5jC7DWRBPgbhgk1s1df
Ev7kp4NfhVjvUqKMwhKCcvXRb2t828gDaSqWsD2gtPzT,FfuJrjSbye8vuwd9fJxFsRCDyyxEguvBzMCUVUmwCbfj
B4sPLzfPv8ZszXhrbjyf3Yekrq2kY4UwTd8iGQbv2XhJ,FQpmuM2ifAwz7rV8DVh9puwPYSTSz7j6nsjj4jTtm6Ra
7A6CrNWAFFBpQTBRo5fULibqqB3MouNLgbVBf8D3MJAx,FNBAto8RSgxiigwsFsGx93rNKHhS9E2nnkWwZaD7SSTu
7A6CrNWAFFBpQTBRo5fULibqqB3MouNLgbVBf8D3MJAx,FLd7s7KeJKMhCiuM2q62igfB5tGnTiC38sQzQdKffuPG
M2mfoQqghdS2JA4YPhVhx219hQWtmXNFFV7oNTLLJdd,FGfFa9t75wYUxMVRmoGgKb8YYyVDbuFWak5J1LUNhrQY
CjYTP9jJVmCqnmdPf8tyafTHxTQtAjsFckVGZWMwprca,FDZ6TAf7snah5LMr6CdgAJVXYs8kaQSqhf5mgAtBCK4U
CinHb6Xt2PnqKUkmhRo9hwUkixCcsH1uviuQqaTxwT9i,F2JvBtrpznmR7qVsJeDvtR7CcVoeEwZZ7G6wWSFwpEpP
14rghAS2vY4w4BGvm89SRdhwqVGvTZRd6QDmDgsag4Es,EtTvhgMAYeQhicN69tNmydMJaYLSYbxUYBDcB7Ez85H7
CjYTP9jJVmCqnmdPf8tyafTHxTQtAjsFckVGZWMwprca,EkKN9fs5eewP2h4XAd7JSkoNqXPQQ3J8XpebrNTZtAXL
51fnpFDcNLQ4rR76o7aBUuphEQ1jTQbNwwL2G3V7arXJ,DQnqNajC3hqmaCwwE7Q53m1zDbMtthQnB55sWLNoa1nX
kruHL3zJ1Mcbdibsna5xM6yMp7PZZ4BsNTpj2UMgvZC,DKGDPV5Sghax6qdd11AfevMGQXWsTT6QMZXswk4jJvff
CjYTP9jJVmCqnmdPf8tyafTHxTQtAjsFckVGZWMwprca,Cp6d81zk1EFCHnZN9BXXRvuBBi2jDzJaBGWf21ue8wRY
CjYTP9jJVmCqnmdPf8tyafTHxTQtAjsFckVGZWMwprca,CZwnVCoxcPaPStcJP5L44wR1eEE8RaMVUapHnY16iRfH
Et8dPTThN1EdPj4U4UboVzxz6A47ZSepFnhLXU3Zum7,CWSj8LDka8uLqaWXc6yDmLE8pAGSXt8iW5z3dJKhTp33
7pPJt2xoEoPy8x8Hf2D6U6oLfNa5uKmHHRwkENVoaxmA,CNzQZKykCZAkt2a6UJ8SUiuHA8nm2x8MExy4gnFz6y2v
3PKhzE9wuEkGPHHu2sNCvG86xNtDJduAcyBPXpE6cSNt,CLABDUWJqopXh8AnfQfPHQAhzpCKR5LU4NkkYGYmGfgR
3f5uFd91gacMC8ujQqAmGTnH1ofbjiBKZGyfoxDmfYB4,CDqrnXZiP9n3uaYizsqTYo3momjxzy3VfAYr6AckvZ82
CjYTP9jJVmCqnmdPf8tyafTHxTQtAjsFckVGZWMwprca,CDntDfNXowqQYZpibnAeYY6auFdVTz2mNzENDL2artzM
CjYTP9jJVmCqnmdPf8tyafTHxTQtAjsFckVGZWMwprca,CCQcv6yLoXSSfH4iDYrKiFaqicaPebhwfSBFR49HaXcz
KfxsYDfifaLxH8uQ85tcX8ZCUN4BY8guqxFE1AnkAzu,C5zU42u15HtTv2gxtPHUyguzXH3N6cUPj2zXQkLXz2bc
GGqieUyW18ZForVxhYs6dttUVGELhATX6Hoj2KVTXvxK,By9EQzEDEmj9KPu3vChzZJkiqF1hBNzaw7RhQLP5DenU
CjYTP9jJVmCqnmdPf8tyafTHxTQtAjsFckVGZWMwprca,BrAczkwEasiEFsbHRu2zZLjfVGS3zaEpkgWiAH7h4u1J
CjYTP9jJVmCqnmdPf8tyafTHxTQtAjsFckVGZWMwprca,BSw2KzYb7P69bGqPG6UGkskah3ZmtjqF5MXiQgUAVLMF
CjYTP9jJVmCqnmdPf8tyafTHxTQtAjsFckVGZWMwprca,BQcR2K88BTfTvs3mm1GTTHdVqRemSicTWmeznRnVh1Yx
7YYZE815j6bE3C1tgiAXKWh4FGwUagpxV9oUw6dgE1mU,BDq7UQqkCuN9Li7ppgJNg97TNDmPUCQwpAXfzfJM8ugX
3PKhzE9wuEkGPHHu2sNCvG86xNtDJduAcyBPXpE6cSNt,BCwWAHQU9UeBBDp9c61eWNRDv8ffkSfECEzxvZA7Y7Jx
7A6CrNWAFFBpQTBRo5fULibqqB3MouNLgbVBf8D3MJAx,B5DeZ7s9FLmSMMftwFNtbSWKACW7EjHDh4caYV3oFKks
BcgYRPQC4mE3e195FmTx4mspmGbDx5xdcdKuLwNG89ov,AyAZidfKi1RoJeXPP2g4XeMSHoqaWsPAuRgnikkRiTqn
7A6CrNWAFFBpQTBRo5fULibqqB3MouNLgbVBf8D3MJAx,Ax2tVK4qgd4FJRE4CNeqmUrZ9vjCwCEXLZqyTze3NdvW
CinHb6Xt2PnqKUkmhRo9hwUkixCcsH1uviuQqaTxwT9i,AwwNvkZisYzgquqiE2RUieiHtgJt5LsGVHUqzTDxJnSx
9Q7HhieXBg4pCwsm4n4NfLZ9XU2uBagWTZLBe9gnxuD7,AreGTLYsfHNRjfEsphfD9bef9n39TSDrxCnWsCBV8QBC
GsTGWmPA9XRaSkzFd5np3SpnMZbrHf9nujeGihHa52H3,AU5DyBsfKk4AETihKMy929nciuyuWZcMkWxyzERedMGs
8sV942m3q6NWxHPvSWXqAVykZXeCUHiEBC1hCggWjrTA,ARTy8FdidR7KyZXeHucRGgYgjAHBk12cjgTaLExsfvXQ
CjYTP9jJVmCqnmdPf8tyafTHxTQtAjsFckVGZWMwprca,AKmHTYNzEaG4ewoWJvWBF99ggKYaMW2zfP3UcwC4z21i
CjYTP9jJVmCqnmdPf8tyafTHxTQtAjsFckVGZWMwprca,AH8ujLLohkgLhnDf1S1nuNr2rj3yDwAo4bJ4jio5ZrBM
7A6CrNWAFFBpQTBRo5fULibqqB3MouNLgbVBf8D3MJAx,AE4YCDEvPBKdkkFhu9cz8XgxgsyXABm3oCJo7SwbHMvL
8dYSxVQQqG1EEgHDa68ubEjeDxFKFLAFT8qPSrobgZWY,9ua15JxQEHCzyU6e2Rrn9WNhmiz8YekYQAp9Txnpeo9Q
7A6CrNWAFFBpQTBRo5fULibqqB3MouNLgbVBf8D3MJAx,9sk2oHjCmdy3KiopUDEcrQtzS4V94aEJzjUwS7AwrD7x
CjYTP9jJVmCqnmdPf8tyafTHxTQtAjsFckVGZWMwprca,9nkoetV3JB2qLJXCEmcHv4QwMirSengTD2CihHvCsQdY
CjYTP9jJVmCqnmdPf8tyafTHxTQtAjsFckVGZWMwprca,9jRwYxJ2rDg9AZt8s5or5ToZjWvbo7JVcJqYZjNE2aMm
CjYTP9jJVmCqnmdPf8tyafTHxTQtAjsFckVGZWMwprca,9UH27oC3zwCUUqyxecsfV4eejQMod7JLGZFrAYjB4ayY
CjYTP9jJVmCqnmdPf8tyafTHxTQtAjsFckVGZWMwprca,8pxRkioTy2t1BqmEXJtqkRkvrEGVu6bXd3e1FDzTnFvZ
CjYTP9jJVmCqnmdPf8tyafTHxTQtAjsFckVGZWMwprca,8aFhugUshWB8qAcrFVZ7t3o1kUty8HvrvCY27Vx1jiob
CinHb6Xt2PnqKUkmhRo9hwUkixCcsH1uviuQqaTxwT9i,8BtwsA3ry1gsWrD2L7FhZAxnAmaALrNoKTh45Ez5VamH
CjYTP9jJVmCqnmdPf8tyafTHxTQtAjsFckVGZWMwprca,841tajo2vnuAY1Lo3fNQcucYjxtN5xyaJFumrUVEMjYf
6aJo6zRiC5CFnuE7cqw4sTtHHknrr69NE7LKxPAfFY9U,81XPdts17zQZo3XFp5r46YgLF66S5sa6MKBpSpTvPMf5
CjYTP9jJVmCqnmdPf8tyafTHxTQtAjsFckVGZWMwprca,7i8VTkM3sVCXej968frfifFaesNs8A4S5sbFzUAy8sDA
CjYTP9jJVmCqnmdPf8tyafTHxTQtAjsFckVGZWMwprca,7KW6kASq4F61yfYs8X1DM6taBHtJXm6gQeJ4WCH1Yzw1
9E3mWP3fNLfhNxdsgz1vR6Lw6c3PVb8C4ukmRuPrChXc,7EHhsxCuXUzLT1tgpqhvVsK7g5ETdXsunBTME2Rwy8MY
CjYTP9jJVmCqnmdPf8tyafTHxTQtAjsFckVGZWMwprca,7D7gASJufLttmsTJS2PsDnEmj37GpswFwmM527sfse31
Bw3ThDvrwnXkkETcDSC3GkcFbra7qc1aeGKR6S6F2ke2,73tdn6KwPtUWYFHYhwAKZaDJLDi8Gncdqca3t8jngkix
CjYTP9jJVmCqnmdPf8tyafTHxTQtAjsFckVGZWMwprca,6rvrPB2PUVu2g4pFrA6jV1k9HRqzcD9xHUMieA4xwwGt
CjYTP9jJVmCqnmdPf8tyafTHxTQtAjsFckVGZWMwprca,6iyY7H4JdBJk5t4aC48EGz23ELdja1EfmBctht95rMmr
3MNFGZreu8RtXvMQ4pnPWXgYGNKuR6VLwWjUnb6X1dhG,6hsaZLD3fVgpRH9uiHtZndba44WkFfEoMffWMXgomZfa
4KyEUeNAdXdkJhnpkdx9VhcvrjYiLmAekmwu2sv5ZzKy,6ZNmsGsHowAfDcpeZ7WG7XK9bNRtP4ijavsNdeiUCqKX
4zdNGgAtFsW1cQgHqkiWyRsxaAgxrSRRynnuunxzjxue,6BZwpdquBaYBSgo6SRYP23nu1s1g5nQ7QwSoHKagn1h1
3XN71ShwyPNYZ22fV4phQCnyPj6E6EbMLAD5ReLRvdRP,693ouL6hAvAUWUrYb6VGXhCbRQmX6mZLh8p68BGLYJLP
EZLvwGdGyeks3jQLWeBbjL1uGeGbqb2MYU4157pDP9ch,5mnpGrJps3mpXXnuQdX4HKxqKJGtXUpa2qEE3CYdF6xt
CjYTP9jJVmCqnmdPf8tyafTHxTQtAjsFckVGZWMwprca,5hNyMfaHdWsZY6V2Ei58Txe8ec4GTM3TwWMrvHZZ6Upi
HPwfZUd7wqrBAyLUgkU8GmGvG44J3HCqXZ1mhXXpe6um,5hN8pUk6GSZz4WPkT8pD6wjpwv3ooDN5KZse1gvsGrAL
9iwKjQvv27KVaeexgrzzoTFQQH6nM4DWL7CBt7udgBEq,5ejTporQVo57zseq8p5xnaFrhG11i8SxYzLXdW7Ln8cd
Qrw6y2DiogvivGah9Dj9BuDu8Cr7qxCRUEh63Z1dmpv,5XRTbNDo6DybE8pqE6vjyR8Hs2t7h4jdBwSthT9V6URM
mihXvCaJK9QnTrxJVLLEQXgemMrw1DcsrqkxpVw4tdh,5Hr46uwfyFJ5FdLm5rVqWPY827m4G7Qu8HTwp4xB2z1F
3PKhzE9wuEkGPHHu2sNCvG86xNtDJduAcyBPXpE6cSNt,4nUVA7xsDHWmNtUAeJJ7CqeEd9z3TgHsjtcTMQQAK7SJ
CLcXVZpCwF9QH2aNjFhPSzyeUVifkP9W88WHwfe6sMww,4dmxJaeniJHnVLxu3yaE58eA19Z2PXpteborPvWsz8eG
7A6CrNWAFFBpQTBRo5fULibqqB3MouNLgbVBf8D3MJAx,4d5KmFgB9Qsv2dgrcpffUupKZTW139V73Tq2ssRUNN5y
E8b7cCV7JjJDSVN3KDF7syR5oHZEdnNF72jVqZfcmZWV,4NUopnrnoVsFonozJFYHRkzyWs1NqZmtbH6kjmGJxyk7
CjYTP9jJVmCqnmdPf8tyafTHxTQtAjsFckVGZWMwprca,3czf4nhZtkCj4GwTJQ2jzhTzqmCLT8QNCr8RxRmh2HFk
Bw3ThDvrwnXkkETcDSC3GkcFbra7qc1aeGKR6S6F2ke2,3UDZctTdGeHG45gPzrstnvvLzMx9ydxRwzy9rBFZzHNb
CjYTP9jJVmCqnmdPf8tyafTHxTQtAjsFckVGZWMwprca,36Mh4vUiKS149jjb3TebWSr86ybTmuaqqiwWC3mrCofN
EuoVktg82q5oxEA6LvLXF4Xi9rKT1ZrjYqwcd9JA7X1B,2fDeLiLGB46KoeumS3YbuCzbEUYiDfGExX1amBk3X79H
4zdNGgAtFsW1cQgHqkiWyRsxaAgxrSRRynnuunxzjxue,2JUQrqBXhAQj2ft22Pr64owtk4ujhSxKkLKd2jNfyaxE
vibesVg6zavmBjtoAKEo9TP9XfDwSczL2TZoByDTwDc,21YHnistbm2iB8YaFanKxeZhs6KrABU8VCmsLxbV14Q4
9WW4oiMyW6A9oP4R8jvxJLMZ3RUss18qsM4yBBHJPj94,yEcfRiK9yjU1CJgdLqZnLyLmgWztwQxa7CuCvBZD8gd
CjYTP9jJVmCqnmdPf8tyafTHxTQtAjsFckVGZWMwprca,jaHA1jNgkt2iBZJpWU1Gt6c2U9WqHMzSsudw9691vCu
AxSv4XsSeWisFhSq7C8MA1TV5BErjDi5K4zze6HPJy8F,iEC2BYqNYFcg6qvTVQpgv66xa9GiPn1g8fKiHGsJQ8Q
G3M2y4xeGR841kY49KBzXLkMyfp5v2qrTesYcKhHQGaB,fpHhGXZK2yPDHPQmmHyC35A7dRHHT6v5qqABwrDyRUv
CjYTP9jJVmCqnmdPf8tyafTHxTQtAjsFckVGZWMwprca,YnLffr5knDy8oFFkxnXyeCkS5C73CUqzQ45bnvG66MN
mihXvCaJK9QnTrxJVLLEQXgemMrw1DcsrqkxpVw4tdh,Y7EEnLqayf3kmiWCxQmkjCXucZeMAA881TJYt3QsdkX
C6Ac8JbcgeTYG3TkcDHLWVQLrU8oepYu7poHjFzrNukS,VFJ2T3XywVq7pVqqbVYoyynPuBEWNr1zdCzNF1VHvdP
7pPJt2xoEoPy8x8Hf2D6U6oLfNa5uKmHHRwkENVoaxmA,SpGUhuz8JgEcMZDAtiqguJmtTWam3gXmHbmb9sVFUsZ
CjYTP9jJVmCqnmdPf8tyafTHxTQtAjsFckVGZWMwprca,CAopyg3zUn67KuXCa8nnFWtmWZRkZucCm2gCKCCdJzV
CjYTP9jJVmCqnmdPf8tyafTHxTQtAjsFckVGZWMwprca,8Sf3X4XpPgf66ABJqGE6rXXQzuSGqzMHfvtsDTwdMUZ
Fywb7YDCXxtD7pNKThJ36CAtVe23dEeEPf7HqKzJs1VG,13tA8Fzy9zjfGvHEu3FeVqKj6eQBVUSvZDvmUPpL1kDo